"","mc_size","num_ones","generation","frac_of_pop"
"1",32,0,0,0
"2",32,1,0,0
"3",32,2,0,0
"4",32,3,0,0
"5",32,4,0,0
"6",32,5,0,0
"7",32,6,0,0
"8",32,7,0,0
"9",32,8,0,0
"10",32,9,0,0
"11",32,10,0,0
"12",32,11,0,0
"13",32,12,0,0
"14",32,13,0,0
"15",32,14,0,0
"16",32,15,0,0
"17",32,16,0,0
"18",32,17,0,0
"19",32,18,0,0
"20",32,19,0,0
"21",32,20,0,0
"22",32,21,0,0
"23",32,22,0,0
"24",32,23,0,0
"25",32,24,0,0
"26",32,25,0,0
"27",32,26,0,0
"28",32,27,0,0
"29",32,28,0,0
"30",32,29,0,0
"31",32,30,0,0
"32",32,31,0,0
"33",32,32,0,0
"34",32,33,0,0
"35",32,34,0,0
"36",32,35,0,0
"37",32,36,0,0
"38",32,37,0,0
"39",32,38,0,0
"40",32,39,0,0
"41",32,40,0,0
"42",32,41,0,0
"43",32,42,0,0
"44",32,43,0,0
"45",32,44,0,0
"46",32,45,0,0
"47",32,46,0,0
"48",32,47,0,0
"49",32,48,0,0
"50",32,49,0,0
"51",32,50,0,0
"52",32,51,0,0
"53",32,52,0,0
"54",32,53,0,0
"55",32,54,0,0
"56",32,55,0,0
"57",32,56,0,0
"58",32,57,0,0
"59",32,58,0,0
"60",32,59,0,0
"61",32,60,0,1
"62",32,61,0,0
"63",32,62,0,0
"64",32,63,0,0
"65",32,64,0,0
"66",32,65,0,0
"67",32,66,0,0
"68",32,67,0,0
"69",32,68,0,0
"70",32,69,0,0
"71",32,70,0,0
"72",32,71,0,0
"73",32,72,0,0
"74",32,73,0,0
"75",32,74,0,0
"76",32,75,0,0
"77",32,76,0,0
"78",32,77,0,0
"79",32,78,0,0
"80",32,79,0,0
"81",32,80,0,0
"82",32,81,0,0
"83",32,82,0,0
"84",32,83,0,0
"85",32,84,0,0
"86",32,85,0,0
"87",32,86,0,0
"88",32,87,0,0
"89",32,88,0,0
"90",32,89,0,0
"91",32,90,0,0
"92",32,91,0,0
"93",32,92,0,0
"94",32,93,0,0
"95",32,94,0,0
"96",32,95,0,0
"97",32,96,0,0
"98",32,97,0,0
"99",32,98,0,0
"100",32,99,0,0
"101",32,100,0,0
"102",32,0,500,2.53921201718857e-86
"103",32,1,500,2.85402314225322e-84
"104",32,2,500,1.01187872976383e-81
"105",32,3,500,2.1959134173761e-79
"106",32,4,500,3.87905049568572e-77
"107",32,5,500,4.89597859465928e-75
"108",32,6,500,5.52878571611757e-73
"109",32,7,500,4.4061054415321e-71
"110",32,8,500,3.11292408135534e-69
"111",32,9,500,1.84528582883501e-67
"112",32,10,500,1.03532889490907e-65
"113",32,11,500,5.24408537038347e-64
"114",32,12,500,2.11716752105479e-62
"115",32,13,500,8.74835251467076e-61
"116",32,14,500,3.4301618878034e-59
"117",32,15,500,1.23048588720681e-57
"118",32,16,500,3.87110462163643e-56
"119",32,17,500,9.94761973416513e-55
"120",32,18,500,2.82012524026253e-53
"121",32,19,500,7.60620133932718e-52
"122",32,20,500,1.7970378803678e-50
"123",32,21,500,4.15031509535694e-49
"124",32,22,500,8.21890106088479e-48
"125",32,23,500,1.79356425909702e-46
"126",32,24,500,3.01397871159426e-45
"127",32,25,500,4.87112799240176e-44
"128",32,26,500,8.16953994931149e-43
"129",32,27,500,1.17905121209707e-41
"130",32,28,500,1.73501594224998e-40
"131",32,29,500,2.28522919790748e-39
"132",32,30,500,3.02663836594032e-38
"133",32,31,500,3.43687104468035e-37
"134",32,32,500,3.32325553791989e-36
"135",32,33,500,3.41366135438868e-35
"136",32,34,500,3.05711609537852e-34
"137",32,35,500,3.20276686651497e-33
"138",32,36,500,2.87623515038063e-32
"139",32,37,500,2.76938547103423e-31
"140",32,38,500,2.83969803021615e-30
"141",32,39,500,3.03384911411771e-29
"142",32,40,500,3.40556991016158e-28
"143",32,41,500,4.65740995278754e-27
"144",32,42,500,6.30914467294831e-26
"145",32,43,500,8.51134548700247e-25
"146",32,44,500,1.2235826670047e-23
"147",32,45,500,1.72107883430159e-22
"148",32,46,500,2.48213111110387e-21
"149",32,47,500,3.64180152850692e-20
"150",32,48,500,5.32748881519317e-19
"151",32,49,500,7.53151304040638e-18
"152",32,50,500,9.69309279409482e-17
"153",32,51,500,1.31069787071873e-15
"154",32,52,500,1.64109143384479e-14
"155",32,53,500,2.3821690911237e-13
"156",32,54,500,3.20034079950113e-12
"157",32,55,500,4.41213177939748e-11
"158",32,56,500,5.82640495891259e-10
"159",32,57,500,7.30499163898798e-09
"160",32,58,500,9.0651654874414e-08
"161",32,59,500,9.69349678465748e-07
"162",32,60,500,9.43356436653365e-06
"163",32,61,500,8.3864091618675e-05
"164",32,62,500,0.000620666388521728
"165",32,63,500,0.00337337551290021
"166",32,64,500,0.0127805835232348
"167",32,65,500,0.0467617281412756
"168",32,66,500,0.0977853757894376
"169",32,67,500,0.12712834775724
"170",32,68,500,0.215814514566704
"171",32,69,500,0.147038057342928
"172",32,70,500,0.087567935891216
"173",32,71,500,0.108907256117444
"174",32,72,500,0.0750182029495166
"175",32,73,500,0.0504424848262685
"176",32,74,500,0.0191200787285428
"177",32,75,500,0.0061267728798127
"178",32,76,500,0.00111420871952075
"179",32,77,500,0.000255767130767634
"180",32,78,500,4.41728076391938e-05
"181",32,79,500,5.45883749835333e-06
"182",32,80,500,5.55157938293817e-07
"183",32,81,500,8.33305383784621e-08
"184",32,82,500,7.30689209937775e-09
"185",32,83,500,6.3056622725112e-10
"186",32,84,500,6.71976478473978e-11
"187",32,85,500,3.66083528543094e-12
"188",32,86,500,1.97407313871867e-13
"189",32,87,500,1.12254534078437e-14
"190",32,88,500,6.09137060019684e-16
"191",32,89,500,2.61367835638415e-17
"192",32,90,500,1.19079545620172e-18
"193",32,91,500,5.01522223885028e-20
"194",32,92,500,1.49857239731723e-21
"195",32,93,500,3.80846431410416e-23
"196",32,94,500,8.23107138978687e-25
"197",32,95,500,1.32868482668977e-26
"198",32,96,500,2.00003492252139e-28
"199",32,97,500,2.07228534781489e-30
"200",32,98,500,1.81782075102022e-32
"201",32,99,500,9.27947830487871e-35
"202",32,100,500,1.751483010728e-36
"203",32,0,1000,1.91903345136121e-99
"204",32,1,1000,2.18524134122295e-97
"205",32,2,1000,8.56425549378869e-95
"206",32,3,1000,2.11725680441893e-92
"207",32,4,1000,4.292695056769e-90
"208",32,5,1000,6.44279333061995e-88
"209",32,6,1000,8.68188503026208e-86
"210",32,7,1000,8.70818395253848e-84
"211",32,8,1000,7.87778389166894e-82
"212",32,9,1000,6.19329820567731e-80
"213",32,10,1000,4.64829749284605e-78
"214",32,11,1000,3.20115431759949e-76
"215",32,12,1000,1.86912778500291e-74
"216",32,13,1000,1.10633813054285e-72
"217",32,14,1000,6.27768471780654e-71
"218",32,15,1000,3.32780782909008e-69
"219",32,16,1000,1.60004835585345e-67
"220",32,17,1000,6.7778073385523e-66
"221",32,18,1000,3.04647818783262e-64
"222",32,19,1000,1.31616025296142e-62
"223",32,20,1000,5.22619032799387e-61
"224",32,21,1000,2.02997291976705e-59
"225",32,22,1000,7.23022693179035e-58
"226",32,23,1000,2.69046408723122e-56
"227",32,24,1000,8.6054611130389e-55
"228",32,25,1000,2.70083785469394e-53
"229",32,26,1000,8.57269560258604e-52
"230",32,27,1000,2.51421449696289e-50
"231",32,28,1000,7.39764331385908e-49
"232",32,29,1000,2.05596907432022e-47
"233",32,30,1000,5.67983939758233e-46
"234",32,31,1000,1.44559606908964e-44
"235",32,32,1000,3.43091449373878e-43
"236",32,33,1000,8.26408492408575e-42
"237",32,34,1000,1.8744438958653e-40
"238",32,35,1000,4.44586159772064e-39
"239",32,36,1000,9.65070440286365e-38
"240",32,37,1000,2.08171032184115e-36
"241",32,38,1000,4.3719679704653e-35
"242",32,39,1000,8.71587821793816e-34
"243",32,40,1000,1.6567110352925e-32
"244",32,41,1000,3.31013033545643e-31
"245",32,42,1000,6.25133741886123e-30
"246",32,43,1000,1.13666803701871e-28
"247",32,44,1000,2.10890974872705e-27
"248",32,45,1000,3.77473290228227e-26
"249",32,46,1000,6.78652463685225e-25
"250",32,47,1000,1.22156048201555e-23
"251",32,48,1000,2.16948861948357e-22
"252",32,49,1000,3.70335421217864e-21
"253",32,50,1000,5.81240796446298e-20
"254",32,51,1000,9.41079755612143e-19
"255",32,52,1000,1.42574004721843e-17
"256",32,53,1000,2.42712554312928e-16
"257",32,54,1000,3.8538085567073e-15
"258",32,55,1000,6.22402995196948e-14
"259",32,56,1000,9.6407524041611e-13
"260",32,57,1000,1.42380290983332e-11
"261",32,58,1000,2.0709185462218e-10
"262",32,59,1000,2.64157397922457e-09
"263",32,60,1000,3.09816651370056e-08
"264",32,61,1000,3.3477079544614e-07
"265",32,62,1000,3.08778866266073e-06
"266",32,63,1000,2.21453161437966e-05
"267",32,64,1000,0.000121252319219296
"268",32,65,1000,0.000637350418140218
"269",32,66,1000,0.00229447366231076
"270",32,67,1000,0.00635985343336512
"271",32,68,1000,0.0196695332821362
"272",32,69,1000,0.0375127365938723
"273",32,70,1000,0.0751264559510447
"274",32,71,1000,0.180241155112924
"275",32,72,1000,0.218903505872493
"276",32,73,1000,0.235931381948835
"277",32,74,1000,0.133466388766963
"278",32,75,1000,0.0640083937887474
"279",32,76,1000,0.0166444594223973
"280",32,77,1000,0.00677531179278825
"281",32,78,1000,0.00186922787048191
"282",32,79,1000,0.00033887496782181
"283",32,80,1000,5.34986605614404e-05
"284",32,81,1000,1.76176656911575e-05
"285",32,82,1000,2.43868192742273e-06
"286",32,83,1000,3.82989020656762e-07
"287",32,84,1000,9.64467365952208e-08
"288",32,85,1000,7.85642623705892e-09
"289",32,86,1000,6.92314785320704e-10
"290",32,87,1000,7.38509651710895e-11
"291",32,88,1000,8.02018266924694e-12
"292",32,89,1000,6.35956571791903e-13
"293",32,90,1000,6.65932862236644e-14
"294",32,91,1000,6.78403431463978e-15
"295",32,92,1000,3.91945997267386e-16
"296",32,93,1000,1.9467562706229e-17
"297",32,94,1000,8.31246096434961e-19
"298",32,95,1000,2.43486205063815e-20
"299",32,96,1000,7.72391205621712e-22
"300",32,97,1000,1.49573614519509e-23
"301",32,98,1000,2.90975680587231e-25
"302",32,99,1000,2.91159724058731e-27
"303",32,100,1000,5.70476103591968e-29
"304",32,0,1500,5.62134533097522e-102
"305",32,1,1500,6.54226646270285e-100
"306",32,2,1500,2.96872213366092e-97
"307",32,3,1500,8.55825626715662e-95
"308",32,4,1500,1.98992037566646e-92
"309",32,5,1500,3.46045323701747e-90
"310",32,6,1500,5.32369765287027e-88
"311",32,7,1500,6.20310430157947e-86
"312",32,8,1500,6.47423020625786e-84
"313",32,9,1500,5.88467764660818e-82
"314",32,10,1500,5.05930637070369e-80
"315",32,11,1500,3.9725952799841e-78
"316",32,12,1500,2.67083270184806e-76
"317",32,13,1500,1.79670949545e-74
"318",32,14,1500,1.15252970090566e-72
"319",32,15,1500,6.89273671978181e-71
"320",32,16,1500,3.74192163412863e-69
"321",32,17,1500,1.80450246069667e-67
"322",32,18,1500,9.0989949183268e-66
"323",32,19,1500,4.39342743715979e-64
"324",32,20,1500,1.95503056458904e-62
"325",32,21,1500,8.46502907452241e-61
"326",32,22,1500,3.37638647132704e-59
"327",32,23,1500,1.38970060567946e-57
"328",32,24,1500,4.96407696120712e-56
"329",32,25,1500,1.73487392432654e-54
"330",32,26,1500,6.08635358145591e-53
"331",32,27,1500,1.97898094102588e-51
"332",32,28,1500,6.41738290166265e-50
"333",32,29,1500,1.96734698417155e-48
"334",32,30,1500,5.9654972746193e-47
"335",32,31,1500,1.66974930072505e-45
"336",32,32,1500,4.36816636177999e-44
"337",32,33,1500,1.15184049003561e-42
"338",32,34,1500,2.86492560796549e-41
"339",32,35,1500,7.38264427331273e-40
"340",32,36,1500,1.74637434140592e-38
"341",32,37,1500,4.08879548730698e-37
"342",32,38,1500,9.29640700906581e-36
"343",32,39,1500,2.00467633070076e-34
"344",32,40,1500,4.12201711209746e-33
"345",32,41,1500,8.83517431941722e-32
"346",32,42,1500,1.78900137981465e-30
"347",32,43,1500,3.48374052573533e-29
"348",32,44,1500,6.8836574890091e-28
"349",32,45,1500,1.31021472908421e-26
"350",32,46,1500,2.49526003954433e-25
"351",32,47,1500,4.74056478202846e-24
"352",32,48,1500,8.86137725943694e-23
"353",32,49,1500,1.5889563620994e-21
"354",32,50,1500,2.62290865822183e-20
"355",32,51,1500,4.44233280143867e-19
"356",32,52,1500,7.04616072300949e-18
"357",32,53,1500,1.24546721142703e-16
"358",32,54,1500,2.05375896295251e-15
"359",32,55,1500,3.43330012167091e-14
"360",32,56,1500,5.49801139014894e-13
"361",32,57,1500,8.3884970144187e-12
"362",32,58,1500,1.25745517100256e-10
"363",32,59,1500,1.65541064064357e-09
"364",32,60,1500,2.00354489534184e-08
"365",32,61,1500,2.23269892836537e-07
"366",32,62,1500,2.12678169480278e-06
"367",32,63,1500,1.58224870324538e-05
"368",32,64,1500,9.03939319275979e-05
"369",32,65,1500,0.000493280195102092
"370",32,66,1500,0.00185944379032003
"371",32,67,1500,0.00541431568159228
"372",32,68,1500,0.0173229325820335
"373",32,69,1500,0.0344590489134193
"374",32,70,1500,0.0711843447881577
"375",32,71,1500,0.173841873531915
"376",32,72,1500,0.216588229058185
"377",32,73,1500,0.239097403354597
"378",32,74,1500,0.139423595224867
"379",32,75,1500,0.069414831268935
"380",32,76,1500,0.0190654700459781
"381",32,77,1500,0.0085544697974812
"382",32,78,1500,0.00254682623984601
"383",32,79,1500,0.000493815907444005
"384",32,80,1500,8.78457214495052e-05
"385",32,81,1500,3.6442408806725e-05
"386",32,82,1500,5.6930364111792e-06
"387",32,83,1500,1.11950952358988e-06
"388",32,84,1500,3.90924375638926e-07
"389",32,85,1500,3.55218282822452e-08
"390",32,86,1500,3.63829319269175e-09
"391",32,87,1500,4.8623523931999e-10
"392",32,88,1500,6.88111864763419e-11
"393",32,89,1500,6.96630876665567e-12
"394",32,90,1500,1.10896007423359e-12
"395",32,91,1500,1.75640615813955e-13
"396",32,92,1500,1.33115089561193e-14
"397",32,93,1500,8.76702650620909e-16
"398",32,94,1500,5.00571053660559e-17
"399",32,95,1500,1.86573194186009e-18
"400",32,96,1500,8.36072827176851e-20
"401",32,97,1500,2.10924830573177e-21
"402",32,98,1500,6.10091923658075e-23
"403",32,99,1500,8.24014641819224e-25
"404",32,100,1500,1.63124539080514e-26
"405",32,0,2000,4.44368452716339e-102
"406",32,1,2000,5.18039961455172e-100
"407",32,2,2000,2.37565517131478e-97
"408",32,3,2000,6.9217033155483e-95
"409",32,4,2000,1.62422558919456e-92
"410",32,5,2000,2.85128122854278e-90
"411",32,6,2000,4.42262126063345e-88
"412",32,7,2000,5.19890251375745e-86
"413",32,8,2000,5.47022291605771e-84
"414",32,9,2000,5.01132758960612e-82
"415",32,10,2000,4.33905610500687e-80
"416",32,11,2000,3.42953215149253e-78
"417",32,12,2000,2.32136401328982e-76
"418",32,13,2000,1.57088936714396e-74
"419",32,14,2000,1.01320370194837e-72
"420",32,15,2000,6.0910350157864e-71
"421",32,16,2000,3.32339381382538e-69
"422",32,17,2000,1.61097128275238e-67
"423",32,18,2000,8.15928468011136e-66
"424",32,19,2000,3.95611209786102e-64
"425",32,20,2000,1.76769346266503e-62
"426",32,21,2000,7.68308565425962e-61
"427",32,22,2000,3.0762812370311e-59
"428",32,23,2000,1.27040429994611e-57
"429",32,24,2000,4.55399294206616e-56
"430",32,25,2000,1.59687917954609e-54
"431",32,26,2000,5.61924252891338e-53
"432",32,27,2000,1.83265917766788e-51
"433",32,28,2000,5.95954463159279e-50
"434",32,29,2000,1.83202861497193e-48
"435",32,30,2000,5.56942244288536e-47
"436",32,31,2000,1.56287856961155e-45
"437",32,32,2000,4.099072651433e-44
"438",32,33,2000,1.08341792482892e-42
"439",32,34,2000,2.70106199525088e-41
"440",32,35,2000,6.97489541955183e-40
"441",32,36,2000,1.65343282025781e-38
"442",32,37,2000,3.87896786197276e-37
"443",32,38,2000,8.8363350252448e-36
"444",32,39,2000,1.90907086820916e-34
"445",32,40,2000,3.93281726383726e-33
"446",32,41,2000,8.4438093002752e-32
"447",32,42,2000,1.71260084447032e-30
"448",32,43,2000,3.34042624862094e-29
"449",32,44,2000,6.61045182647069e-28
"450",32,45,2000,1.26007795334761e-26
"451",32,46,2000,2.40313395278423e-25
"452",32,47,2000,4.57158609124788e-24
"453",32,48,2000,8.55635314818097e-23
"454",32,49,2000,1.53615571672807e-21
"455",32,50,2000,2.53899800762823e-20
"456",32,51,2000,4.30522325435813e-19
"457",32,52,2000,6.83691689081193e-18
"458",32,53,2000,1.20970331544689e-16
"459",32,54,2000,1.99684891880251e-15
"460",32,55,2000,3.34138354690667e-14
"461",32,56,2000,5.35590554412792e-13
"462",32,57,2000,8.17945203889366e-12
"463",32,58,2000,1.22722582214797e-10
"464",32,59,2000,1.61717801215229e-09
"465",32,60,2000,1.95921088938551e-08
"466",32,61,2000,2.18548209955692e-07
"467",32,62,2000,2.08405719295054e-06
"468",32,63,2000,1.5524421435182e-05
"469",32,64,2000,8.8828608887454e-05
"470",32,65,2000,0.000485448137528049
"471",32,66,2000,0.00183343214933892
"472",32,67,2000,0.00535065324721034
"473",32,68,2000,0.017149837965664
"474",32,69,2000,0.0341992044148636
"475",32,70,2000,0.0707972650073785
"476",32,71,2000,0.173141621821905
"477",32,72,2000,0.216198482008264
"478",32,73,2000,0.239219218115979
"479",32,74,2000,0.139964381432502
"480",32,75,2000,0.0700098103619772
"481",32,76,2000,0.0193871618056087
"482",32,77,2000,0.00882884633274139
"483",32,78,2000,0.00265968674411966
"484",32,79,2000,0.000521889481123171
"485",32,80,2000,9.55698909429478e-05
"486",32,81,2000,4.19682399926407e-05
"487",32,82,2000,6.77812918740135e-06
"488",32,83,2000,1.44462477084138e-06
"489",32,84,2000,5.63563909048574e-07
"490",32,85,2000,5.28941490478384e-08
"491",32,86,2000,5.68465811325701e-09
"492",32,87,2000,8.23002927517747e-10
"493",32,88,2000,1.28683210685979e-10
"494",32,89,2000,1.45111093136794e-11
"495",32,90,2000,2.88201165099395e-12
"496",32,91,2000,5.69038973668537e-13
"497",32,92,2000,4.86004221814634e-14
"498",32,93,2000,3.63401512964912e-15
"499",32,94,2000,2.3679657207585e-16
"500",32,95,2000,9.82877352082253e-18
"501",32,96,2000,5.2141922256113e-19
"502",32,97,2000,1.48830211734006e-20
"503",32,98,2000,5.30398620363938e-22
"504",32,99,2000,8.2922157855719e-24
"505",32,100,2000,1.64819696422649e-25
"506",32,0,2500,4.36969748318619e-102
"507",32,1,2500,5.09453063992233e-100
"508",32,2,2500,2.33737889333542e-97
"509",32,3,2500,6.81350574146902e-95
"510",32,4,2500,1.59952969529538e-92
"511",32,5,2500,2.80921260712768e-90
"512",32,6,2500,4.35914890148274e-88
"513",32,7,2500,5.12660049270523e-86
"514",32,8,2500,5.39643908418815e-84
"515",32,9,2500,4.94582709979932e-82
"516",32,10,2500,4.28401983571688e-80
"517",32,11,2500,3.38729507407613e-78
"518",32,12,2500,2.29367438301552e-76
"519",32,13,2500,1.55269842097313e-74
"520",32,14,2500,1.00180438052744e-72
"521",32,15,2500,6.02445008231339e-71
"522",32,16,2500,3.28811450886875e-69
"523",32,17,2500,1.59440326939128e-67
"524",32,18,2500,8.07774396449014e-66
"525",32,19,2500,3.91767522327864e-64
"526",32,20,2500,1.7510139409228e-62
"527",32,21,2500,7.61261732283042e-61
"528",32,22,2500,3.04889836987611e-59
"529",32,23,2500,1.25939994772842e-57
"530",32,24,2500,4.51571843145827e-56
"531",32,25,2500,1.58385372407308e-54
"532",32,26,2500,5.57469242139577e-53
"533",32,27,2500,1.81855609857501e-51
"534",32,28,2500,5.91498058125628e-50
"535",32,29,2500,1.8187274357173e-48
"536",32,30,2500,5.53012882720497e-47
"537",32,31,2500,1.55217654943546e-45
"538",32,32,2500,4.07186814125035e-44
"539",32,33,2500,1.0764394636303e-42
"540",32,34,2500,2.68419947561107e-41
"541",32,35,2500,6.9325974547093e-40
"542",32,36,2500,1.64371099746455e-38
"543",32,37,2500,3.85684445984138e-37
"544",32,38,2500,8.78745078475223e-36
"545",32,39,2500,1.89883412345053e-34
"546",32,40,2500,3.91240154398119e-33
"547",32,41,2500,8.40128225869497e-32
"548",32,42,2500,1.70424040383171e-30
"549",32,43,2500,3.32463329141654e-29
"550",32,44,2500,6.5801476382958e-28
"551",32,45,2500,1.25448051710549e-26
"552",32,46,2500,2.39278468119285e-25
"553",32,47,2500,4.55249025782525e-24
"554",32,48,2500,8.52168410716018e-23
"555",32,49,2500,1.53012026097042e-21
"556",32,50,2500,2.52934903898151e-20
"557",32,51,2500,4.28937014576424e-19
"558",32,52,2500,6.81258351755701e-18
"559",32,53,2500,1.20552394193678e-16
"560",32,54,2500,1.99016470304754e-15
"561",32,55,2500,3.33053617540877e-14
"562",32,56,2500,5.33905528652921e-13
"563",32,57,2500,8.15454480048311e-12
"564",32,58,2500,1.22360736483644e-10
"565",32,59,2500,1.61257844910769e-09
"566",32,60,2500,1.95384928505999e-08
"567",32,61,2500,2.17974100476073e-07
"568",32,62,2500,2.07883137083292e-06
"569",32,63,2500,1.54876996871218e-05
"570",32,64,2500,8.86339920053548e-05
"571",32,65,2500,0.000484465672150651
"572",32,66,2500,0.00183012826640127
"573",32,67,2500,0.0053424355272186
"574",32,68,2500,0.0171271886227196
"575",32,69,2500,0.034164432129611
"576",32,70,2500,0.0707441928583123
"577",32,71,2500,0.173043650925271
"578",32,72,2500,0.216140135265749
"579",32,73,2500,0.23922971275052
"580",32,74,2500,0.140036628366218
"581",32,75,2500,0.0700932339469287
"582",32,76,2500,0.0194342689149078
"583",32,77,2500,0.00887028666065989
"584",32,78,2500,0.00267708620774438
"585",32,79,2500,0.000526394858740109
"586",32,80,2500,9.69760976665266e-05
"587",32,81,2500,4.31084253203861e-05
"588",32,82,2500,7.02008107716902e-06
"589",32,83,2500,1.53175623687712e-06
"590",32,84,2500,6.16966149885576e-07
"591",32,85,2500,5.84308126512601e-08
"592",32,86,2500,6.36875832205974e-09
"593",32,87,2500,9.45588558395912e-10
"594",32,88,2500,1.52938627011444e-10
"595",32,89,2500,1.8044497473135e-11
"596",32,90,2500,3.98108747837069e-12
"597",32,91,2500,8.68864080707053e-13
"598",32,92,2500,7.80954443415926e-14
"599",32,93,2500,6.17152022003008e-15
"600",32,94,2500,4.26257494249848e-16
"601",32,95,2500,1.85534792110375e-17
"602",32,96,2500,1.06490456465321e-18
"603",32,97,2500,3.21725777395561e-20
"604",32,98,2500,1.27226080240985e-21
"605",32,99,2500,2.13316241340113e-23
"606",32,100,2500,4.24733900666042e-25
"607",32,0,3000,4.36008424519282e-102
"608",32,1,3000,5.08336832052221e-100
"609",32,2,3000,2.33238826375045e-97
"610",32,3,3000,6.79935397862663e-95
"611",32,4,3000,1.59629047059157e-92
"612",32,5,3000,2.80367810402695e-90
"613",32,6,3000,4.35077596501816e-88
"614",32,7,3000,5.11703397345281e-86
"615",32,8,3000,5.38664848142454e-84
"616",32,9,3000,4.93711052287538e-82
"617",32,10,3000,4.27667607330446e-80
"618",32,11,3000,3.38164459757229e-78
"619",32,12,3000,2.28995987505006e-76
"620",32,13,3000,1.55025207325901e-74
"621",32,14,3000,1.00026774910381e-72
"622",32,15,3000,6.01545364129176e-71
"623",32,16,3000,3.28333681930914e-69
"624",32,17,3000,1.59215406401531e-67
"625",32,18,3000,8.06665040842712e-66
"626",32,19,3000,3.91243504336047e-64
"627",32,20,3000,1.7487351798329e-62
"628",32,21,3000,7.60297061212941e-61
"629",32,22,3000,3.04514203339282e-59
"630",32,23,3000,1.2578876053072e-57
"631",32,24,3000,4.51044776948539e-56
"632",32,25,3000,1.58205654238486e-54
"633",32,26,3000,5.56853454032426e-53
"634",32,27,3000,1.81660310544794e-51
"635",32,28,3000,5.9087985864146e-50
"636",32,29,3000,1.81687903269624e-48
"637",32,30,3000,5.52465926160831e-47
"638",32,31,3000,1.55068431864655e-45
"639",32,32,3000,4.06806826881244e-44
"640",32,33,3000,1.07546313645157e-42
"641",32,34,3000,2.68183637760563e-41
"642",32,35,3000,6.9266609005933e-40
"643",32,36,3000,1.64234438192646e-38
"644",32,37,3000,3.85372981290557e-37
"645",32,38,3000,8.78055839377368e-36
"646",32,39,3000,1.89738865746646e-34
"647",32,40,3000,3.9095144198904e-33
"648",32,41,3000,8.39525997080607e-32
"649",32,42,3000,1.70305483529207e-30
"650",32,43,3000,3.32239062833672e-29
"651",32,44,3000,6.57583870586247e-28
"652",32,45,3000,1.25368358387695e-26
"653",32,46,3000,2.39130936126914e-25
"654",32,47,3000,4.54976480726978e-24
"655",32,48,3000,8.51673015909828e-23
"656",32,49,3000,1.52925683644406e-21
"657",32,50,3000,2.52796697247409e-20
"658",32,51,3000,4.28709685166484e-19
"659",32,52,3000,6.80908999274484e-18
"660",32,53,3000,1.2049233006721e-16
"661",32,54,3000,1.98920305710609e-15
"662",32,55,3000,3.32897401521582e-14
"663",32,56,3000,5.33662619071588e-13
"664",32,57,3000,8.15095054964554e-12
"665",32,58,3000,1.2230846854715e-10
"666",32,59,3000,1.61191333267498e-09
"667",32,60,3000,1.95307309851969e-08
"668",32,61,3000,2.17890891004614e-07
"669",32,62,3000,2.07807297831668e-06
"670",32,63,3000,1.54823620588227e-05
"671",32,64,3000,8.86056468723399e-05
"672",32,65,3000,0.00048432229663579
"673",32,66,3000,0.00182964476532872
"674",32,67,3000,0.00534122849668632
"675",32,68,3000,0.0171238513101969
"676",32,69,3000,0.0341592812003506
"677",32,70,3000,0.0707362843131508
"678",32,71,3000,0.173028976334736
"679",32,72,3000,0.216131243083283
"680",32,73,3000,0.239231010047788
"681",32,74,3000,0.140047285521693
"682",32,75,3000,0.0701057098082137
"683",32,76,3000,0.0194414023988266
"684",32,77,3000,0.0088766225915004
"685",32,78,3000,0.00267977207832506
"686",32,79,3000,0.000527108777915149
"687",32,80,3000,9.72179381872232e-05
"688",32,81,3000,4.33188494550866e-05
"689",32,82,3000,7.0671380547073e-06
"690",32,83,3000,1.55080369459356e-06
"691",32,84,3000,6.29547827495497e-07
"692",32,85,3000,5.97541043224498e-08
"693",32,86,3000,6.53627391440068e-09
"694",32,87,3000,9.77057049232123e-10
"695",32,88,3000,1.59599016476584e-10
"696",32,89,3000,1.91404642463416e-11
"697",32,90,3000,4.40316588564004e-12
"698",32,91,3000,9.99745806848051e-13
"699",32,92,3000,9.16597452076254e-14
"700",32,93,3000,7.40411381725367e-15
"701",32,94,3000,5.23532223515449e-16
"702",32,95,3000,2.32327485697374e-17
"703",32,96,3000,1.37867418664122e-18
"704",32,97,3000,4.26702354588719e-20
"705",32,98,3000,1.76808714736664e-21
"706",32,99,3000,3.05776139162844e-23
"707",32,100,3000,6.09276776781693e-25
"708",32,0,3500,4.3586683713954e-102
"709",32,1,3500,5.08172411636246e-100
"710",32,2,3500,2.33165264325184e-97
"711",32,3,3500,6.79726650451029e-95
"712",32,4,3500,1.59581235585659e-92
"713",32,5,3500,2.80286063767606e-90
"714",32,6,3500,4.34953847900159e-88
"715",32,7,3500,5.11561908980706e-86
"716",32,8,3500,5.38519948721156e-84
"717",32,9,3500,4.93581960984563e-82
"718",32,10,3500,4.27558778269548e-80
"719",32,11,3500,3.38080672715208e-78
"720",32,12,3500,2.28940871621059e-76
"721",32,13,3500,1.54988886846408e-74
"722",32,14,3500,1.00003947848504e-72
"723",32,15,3500,6.01411645044004e-71
"724",32,16,3500,3.28262628694202e-69
"725",32,17,3500,1.59181936568716e-67
"726",32,18,3500,8.06499873208884e-66
"727",32,19,3500,3.91165445434542e-64
"728",32,20,3500,1.74839555304752e-62
"729",32,21,3500,7.60153214887283e-61
"730",32,22,3500,3.044581619351e-59
"731",32,23,3500,1.25766187197146e-57
"732",32,24,3500,4.50966066869111e-56
"733",32,25,3500,1.58178802567472e-54
"734",32,26,3500,5.56761406822172e-53
"735",32,27,3500,1.81631103580604e-51
"736",32,28,3500,5.90787365456136e-50
"737",32,29,3500,1.81660235407824e-48
"738",32,30,3500,5.52384019213483e-47
"739",32,31,3500,1.550460756709e-45
"740",32,32,3500,4.06749872014219e-44
"741",32,33,3500,1.0753167351112e-42
"742",32,34,3500,2.68148187076487e-41
"743",32,35,3500,6.92576995021331e-40
"744",32,36,3500,1.64213919474388e-38
"745",32,37,3500,3.85326197895974e-37
"746",32,38,3500,8.77952270541291e-36
"747",32,39,3500,1.89717136498994e-34
"748",32,40,3500,3.90908022595811e-33
"749",32,41,3500,8.39435393359089e-32
"750",32,42,3500,1.70287640029407e-30
"751",32,43,3500,3.32205296187947e-29
"752",32,44,3500,6.57518969070193e-28
"753",32,45,3500,1.2535635042761e-26
"754",32,46,3500,2.39108698400235e-25
"755",32,47,3500,4.54935385203359e-24
"756",32,48,3500,8.51598292477009e-23
"757",32,49,3500,1.52912655625887e-21
"758",32,50,3500,2.52775835956679e-20
"759",32,51,3500,4.28675359800846e-19
"760",32,52,3500,6.80856230146653e-18
"761",32,53,3500,1.2048325467486e-16
"762",32,54,3500,1.9890577100965e-15
"763",32,55,3500,3.32873783113377e-14
"764",32,56,3500,5.33625881957319e-13
"765",32,57,3500,8.15040678936315e-12
"766",32,58,3500,1.22300558677737e-10
"767",32,59,3500,1.6118126440978e-09
"768",32,60,3500,1.95295555324467e-08
"769",32,61,3500,2.17878285068357e-07
"770",32,62,3500,2.07795803624308e-06
"771",32,63,3500,1.54815526669705e-05
"772",32,64,3500,8.86013457660177e-05
"773",32,65,3500,0.000484300526111498
"774",32,66,3500,0.00182957127801192
"775",32,67,3500,0.00534104479991103
"776",32,68,3500,0.0171233428107694
"777",32,69,3500,0.0341584947496791
"778",32,70,3500,0.0707350738913137
"779",32,71,3500,0.173026725281044
"780",32,72,3500,0.216129868193543
"781",32,73,3500,0.239231188577847
"782",32,74,3500,0.140048906448082
"783",32,75,3500,0.0701076199290891
"784",32,76,3500,0.0194425014549155
"785",32,77,3500,0.00887760391137425
"786",32,78,3500,0.00268019082904885
"787",32,79,3500,0.000527222320912999
"788",32,80,3500,9.72587384997083e-05
"789",32,81,3500,4.33560183259624e-05
"790",32,82,3500,7.07575941626137e-06
"791",32,83,3500,1.55456515475258e-06
"792",32,84,3500,6.32139397726154e-07
"793",32,85,3500,6.00287877489334e-08
"794",32,86,3500,6.5715282556018e-09
"795",32,87,3500,9.83880444945624e-10
"796",32,88,3500,1.61117461086531e-10
"797",32,89,3500,1.94191274667069e-11
"798",32,90,3500,4.52934948234606e-12
"799",32,91,3500,1.0421574867472e-12
"800",32,92,3500,9.61919000509502e-14
"801",32,93,3500,7.82937226418715e-15
"802",32,94,3500,5.58193539070688e-16
"803",32,95,3500,2.49428122682927e-17
"804",32,96,3500,1.49843728159371e-18
"805",32,97,3500,4.67968645602211e-20
"806",32,98,3500,1.97463535864441e-21
"807",32,99,3500,3.45650482672092e-23
"808",32,100,3500,6.8892154826481e-25
"809",32,0,4000,4.35845257390141e-102
"810",32,1,4000,5.08147350853934e-100
"811",32,2,4000,2.33154049261508e-97
"812",32,3,4000,6.79694816953498e-95
"813",32,4,4000,1.59573942692164e-92
"814",32,5,4000,2.802735913613e-90
"815",32,6,4000,4.34934962628818e-88
"816",32,7,4000,5.11540310682993e-86
"817",32,8,4000,5.38497824043188e-84
"818",32,9,4000,4.93562244885707e-82
"819",32,10,4000,4.27542152709726e-80
"820",32,11,4000,3.38067869688089e-78
"821",32,12,4000,2.28932447492366e-76
"822",32,13,4000,1.54983334164017e-74
"823",32,14,4000,1.0000045724363e-72
"824",32,15,4000,6.0139119273346e-71
"825",32,16,4000,3.28251758626108e-69
"826",32,17,4000,1.59176814936688e-67
"827",32,18,4000,8.06474593320845e-66
"828",32,19,4000,3.91153495500604e-64
"829",32,20,4000,1.74834354858903e-62
"830",32,21,4000,7.60131184139264e-61
"831",32,22,4000,3.04449577026945e-59
"832",32,23,4000,1.25762728528658e-57
"833",32,24,4000,4.50954004327298e-56
"834",32,25,4000,1.58174686586324e-54
"835",32,26,4000,5.56747294426394e-53
"836",32,27,4000,1.81626624714868e-51
"837",32,28,4000,5.90773178845492e-50
"838",32,29,4000,1.81655990839616e-48
"839",32,30,4000,5.52371451267553e-47
"840",32,31,4000,1.55042644597952e-45
"841",32,32,4000,4.06741129127436e-44
"842",32,33,4000,1.07529425719305e-42
"843",32,34,4000,2.68142742980096e-41
"844",32,35,4000,6.92563310250121e-40
"845",32,36,4000,1.64210767216579e-38
"846",32,37,4000,3.85319009224946e-37
"847",32,38,4000,8.77936353195647e-36
"848",32,39,4000,1.89713796301326e-34
"849",32,40,4000,3.90901346851969e-33
"850",32,41,4000,8.39421460393639e-32
"851",32,42,4000,1.70284895543283e-30
"852",32,43,4000,3.32200101567525e-29
"853",32,44,4000,6.57508982838937e-28
"854",32,45,4000,1.25354502444941e-26
"855",32,46,4000,2.39105275463854e-25
"856",32,47,4000,4.54929058451483e-24
"857",32,48,4000,8.51586786593213e-23
"858",32,49,4000,1.52910649220661e-21
"859",32,50,4000,2.52772622561693e-20
"860",32,51,4000,4.28670071506739e-19
"861",32,52,4000,6.8084809878576e-18
"862",32,53,4000,1.20481855988681e-16
"863",32,54,4000,1.98903530553475e-15
"864",32,55,4000,3.32870141838715e-14
"865",32,56,4000,5.33620217198718e-13
"866",32,57,4000,8.15032292842578e-12
"867",32,58,4000,1.22299338576737e-10
"868",32,59,4000,1.61179710989472e-09
"869",32,60,4000,1.95293741474816e-08
"870",32,61,4000,2.17876339426111e-07
"871",32,62,4000,2.07794029147322e-06
"872",32,63,4000,1.54814276758863e-05
"873",32,64,4000,8.86006813064253e-05
"874",32,65,4000,0.000484297161549991
"875",32,66,4000,0.00182955991424959
"876",32,67,4000,0.00534101637129532
"877",32,68,4000,0.0171232640586584
"878",32,69,4000,0.034158372791205
"879",32,70,4000,0.0707348858854105
"880",32,71,4000,0.17302637510347
"881",32,72,4000,0.21612965313261
"882",32,73,4000,0.239231214072667
"883",32,74,4000,0.140049156981112
"884",32,75,4000,0.07010791655478
"885",32,76,4000,0.0194426729056933
"886",32,77,4000,0.00887775759573732
"887",32,78,4000,0.00268025675632865
"888",32,79,4000,0.000527240486399494
"889",32,80,4000,9.72655664326466e-05
"890",32,81,4000,4.33624430986981e-05
"891",32,82,4000,7.07728868124624e-06
"892",32,83,4000,1.55526618398191e-06
"893",32,84,4000,6.32634863699619e-07
"894",32,85,4000,6.00815432702192e-08
"895",32,86,4000,6.5783587215697e-09
"896",32,87,4000,9.8523153104184e-10
"897",32,88,4000,1.61431233333997e-10
"898",32,89,4000,1.94827475417377e-11
"899",32,90,4000,4.56195020843906e-12
"900",32,91,4000,1.053708729943e-12
"901",32,92,4000,9.74500801074747e-14
"902",32,93,4000,7.94979915432925e-15
"903",32,94,4000,5.68205755516012e-16
"904",32,95,4000,2.54444814155594e-17
"905",32,96,4000,1.5345225275143e-18
"906",32,97,4000,4.80627487659725e-20
"907",32,98,4000,2.04030739982481e-21
"908",32,99,4000,3.58596499175917e-23
"909",32,100,4000,7.14791030819773e-25
"910",32,0,4500,4.35841914153057e-102
"911",32,1,4500,5.08143468224717e-100
"912",32,2,4500,2.33152311459046e-97
"913",32,3,4500,6.79689883459414e-95
"914",32,4,4500,1.59572812283964e-92
"915",32,5,4500,2.80271657807611e-90
"916",32,6,4500,4.34932034475739e-88
"917",32,7,4500,5.11536961311484e-86
"918",32,8,4500,5.38494392483195e-84
"919",32,9,4500,4.93559186387787e-82
"920",32,10,4500,4.27539573228635e-80
"921",32,11,4500,3.38065882971168e-78
"922",32,12,4500,2.28931140054565e-76
"923",32,13,4500,1.5498247224622e-74
"924",32,14,4500,9.99999153318482e-73
"925",32,15,4500,6.0138801706829e-71
"926",32,16,4500,3.28250070557843e-69
"927",32,17,4500,1.59176019443576e-67
"928",32,18,4500,8.06470666270472e-66
"929",32,19,4500,3.91151638899159e-64
"930",32,20,4500,1.74833546772778e-62
"931",32,21,4500,7.6012776034284e-61
"932",32,22,4500,3.04448242648197e-59
"933",32,23,4500,1.25762190864679e-57
"934",32,24,4500,4.50952128877497e-56
"935",32,25,4500,1.58174046551354e-54
"936",32,26,4500,5.56745099645108e-53
"937",32,27,4500,1.81625928054204e-51
"938",32,28,4500,5.90770971898221e-50
"939",32,29,4500,1.81655330437781e-48
"940",32,30,4500,5.5236949558489e-47
"941",32,31,4500,1.5504211061726e-45
"942",32,32,4500,4.06739768263979e-44
"943",32,33,4500,1.07529075792939e-42
"944",32,34,4500,2.68141895343562e-41
"945",32,35,4500,6.92561179268323e-40
"946",32,36,4500,1.64210276279629e-38
"947",32,37,4500,3.85317889495494e-37
"948",32,38,4500,8.77933873517445e-36
"949",32,39,4500,1.89713275876377e-34
"950",32,40,4500,3.90900306575327e-33
"951",32,41,4500,8.39419288936365e-32
"952",32,42,4500,1.70284467755062e-30
"953",32,43,4500,3.32199291758044e-29
"954",32,44,4500,6.57507425836881e-28
"955",32,45,4500,1.25354214277521e-26
"956",32,46,4500,2.39104741632761e-25
"957",32,47,4500,4.54928071620813e-24
"958",32,48,4500,8.51584991702281e-23
"959",32,49,4500,1.52910336185381e-21
"960",32,50,4500,2.52772121144155e-20
"961",32,51,4500,4.28669246213778e-19
"962",32,52,4500,6.80846829623809e-18
"963",32,53,4500,1.20481637651792e-16
"964",32,54,4500,1.98903180769948e-15
"965",32,55,4500,3.32869573286583e-14
"966",32,56,4500,5.33619332586058e-13
"967",32,57,4500,8.1503098309321e-12
"968",32,58,4500,1.22299147995594e-10
"969",32,59,4500,1.61179468308924e-09
"970",32,60,4500,1.95293458066191e-08
"971",32,61,4500,2.17876035376764e-07
"972",32,62,4500,2.07793751796275e-06
"973",32,63,4500,1.54814081353556e-05
"974",32,64,4500,8.86005773971995e-05
"975",32,65,4500,0.000484296635235751
"976",32,66,4500,0.00182955813584211
"977",32,67,4500,0.00534101191953751
"978",32,68,4500,0.0171232517194888
"979",32,69,4500,0.0341583536626196
"980",32,70,4500,0.0707348563601912
"981",32,71,4500,0.173026320042406
"982",32,72,4500,0.216129619167203
"983",32,73,4500,0.239231217790658
"984",32,74,4500,0.140049196164295
"985",32,75,4500,0.0701079631252319
"986",32,76,4500,0.0194426999231505
"987",32,77,4500,0.00887778189103921
"988",32,78,4500,0.00268026722411514
"989",32,79,4500,0.000527243408960886
"990",32,80,4500,9.72667042098363e-05
"991",32,81,4500,4.33635393815047e-05
"992",32,82,4500,7.07755452128431e-06
"993",32,83,4500,1.55539221912621e-06
"994",32,84,4500,6.32725411882583e-07
"995",32,85,4500,6.00912127364873e-08
"996",32,86,4500,6.57961841950713e-09
"997",32,87,4500,9.8548518960383e-10
"998",32,88,4500,1.61492507423783e-10
"999",32,89,4500,1.94963602402965e-11
"1000",32,90,4500,4.56962633071804e-12
"1001",32,91,4500,1.05652864507921e-12
"1002",32,92,4500,9.77611308795588e-14
"1003",32,93,4500,7.97996248588524e-15
"1004",32,94,4500,5.70746129321322e-16
"1005",32,95,4500,2.55730508618887e-17
"1006",32,96,4500,1.54393194170537e-18
"1007",32,97,4500,4.83966609116939e-20
"1008",32,98,4500,2.05803523915363e-21
"1009",32,99,4500,3.62137850501266e-23
"1010",32,100,4500,7.21869472904158e-25
"1011",32,0,5000,4.35841390162332e-102
"1012",32,1,5000,5.08142859682763e-100
"1013",32,2,5000,2.33152039052562e-97
"1014",32,3,5000,6.79689110017986e-95
"1015",32,4,5000,1.59572635045091e-92
"1016",32,5,5000,2.80271354603523e-90
"1017",32,6,5000,4.34931575253281e-88
"1018",32,7,5000,5.11536435959887e-86
"1019",32,8,5000,5.38493854171375e-84
"1020",32,9,5000,4.93558706535549e-82
"1021",32,10,5000,4.27539168479554e-80
"1022",32,11,5000,3.38065571195299e-78
"1023",32,12,5000,2.28930934850998e-76
"1024",32,13,5000,1.5498233695095e-74
"1025",32,14,5000,9.99998302578838e-73
"1026",32,15,5000,6.0138751846655e-71
"1027",32,16,5000,3.28249805487624e-69
"1028",32,17,5000,1.5917589451461e-67
"1029",32,18,5000,8.06470049471754e-66
"1030",32,19,5000,3.91151347260652e-64
"1031",32,20,5000,1.74833419822196e-62
"1032",32,21,5000,7.60127222402532e-61
"1033",32,22,5000,3.0444803296823e-59
"1034",32,23,5000,1.25762106368803e-57
"1035",32,24,5000,4.50951834108601e-56
"1036",32,25,5000,1.5817394594373e-54
"1037",32,26,5000,5.56744754607347e-53
"1038",32,27,5000,1.81625818520704e-51
"1039",32,28,5000,5.9077062486918e-50
"1040",32,29,5000,1.81655226581807e-48
"1041",32,30,5000,5.52369187996967e-47
"1042",32,31,5000,1.55042026623711e-45
"1043",32,32,5000,4.06739554178832e-44
"1044",32,33,5000,1.07529020737818e-42
"1045",32,34,5000,2.68141761966314e-41
"1046",32,35,5000,6.92560843917856e-40
"1047",32,36,5000,1.64210199012493e-38
"1048",32,37,5000,3.8531771324469e-37
"1049",32,38,5000,8.77933483160396e-36
"1050",32,39,5000,1.89713193940441e-34
"1051",32,40,5000,3.90900142774382e-33
"1052",32,41,5000,8.39418946983438e-32
"1053",32,42,5000,1.7028440038102e-30
"1054",32,43,5000,3.32199164203368e-29
"1055",32,44,5000,6.57507180563578e-28
"1056",32,45,5000,1.25354168877684e-26
"1057",32,46,5000,2.39104657520263e-25
"1058",32,47,5000,4.54927916115383e-24
"1059",32,48,5000,8.51584708832329e-23
"1060",32,49,5000,1.5291028684663e-21
"1061",32,50,5000,2.52772042104693e-20
"1062",32,51,5000,4.28669116107203e-19
"1063",32,52,5000,6.80846629518692e-18
"1064",32,53,5000,1.20481603223806e-16
"1065",32,54,5000,1.98903125609256e-15
"1066",32,55,5000,3.32869483617073e-14
"1067",32,56,5000,5.33619193054448e-13
"1068",32,57,5000,8.15030776481877e-12
"1069",32,58,5000,1.22299117928498e-10
"1070",32,59,5000,1.61179430017876e-09
"1071",32,60,5000,1.95293413343355e-08
"1072",32,61,5000,2.17875987390465e-07
"1073",32,62,5000,2.07793708017121e-06
"1074",32,63,5000,1.54814050503612e-05
"1075",32,64,5000,8.86005609883692e-05
"1076",32,65,5000,0.000484296552102143
"1077",32,66,5000,0.0018295578548323
"1078",32,67,5000,0.00534101121574951
"1079",32,68,5000,0.0171232497678418
"1080",32,69,5000,0.0341583506345326
"1081",32,70,5000,0.0707348516813833
"1082",32,71,5000,0.173026311308058
"1083",32,72,5000,0.216129613759516
"1084",32,73,5000,0.239231218342025
"1085",32,74,5000,0.140049202352055
"1086",32,75,5000,0.0701079705032469
"1087",32,76,5000,0.0194427042166245
"1088",32,77,5000,0.00887778576218164
"1089",32,78,5000,0.00268026889808436
"1090",32,79,5000,0.000527243881408511
"1091",32,80,5000,9.72668932896958e-05
"1092",32,81,5000,4.33637248264465e-05
"1093",32,82,5000,7.07760010508504e-06
"1094",32,83,5000,1.55541434667699e-06
"1095",32,84,5000,6.32741485405212e-07
"1096",32,85,5000,6.00929326113228e-08
"1097",32,86,5000,6.57984354848351e-09
"1098",32,87,5000,9.85531252310898e-10
"1099",32,88,5000,1.61504063626618e-10
"1100",32,89,5000,1.94991515404056e-11
"1101",32,90,5000,4.57132328422712e-12
"1102",32,91,5000,1.05716831548026e-12
"1103",32,92,5000,9.78323110511158e-14
"1104",32,93,5000,7.98692747854668e-15
"1105",32,94,5000,5.71337947121845e-16
"1106",32,95,5000,2.56032086089769e-17
"1107",32,96,5000,1.54616519913322e-18
"1108",32,97,5000,4.84765325993567e-20
"1109",32,98,5000,2.06234250255033e-21
"1110",32,99,5000,3.63005921613753e-23
"1111",32,100,5000,7.23604879429052e-25
"1112",32,0,5500,4.35841307262788e-102
"1113",32,1,5500,5.08142763405038e-100
"1114",32,2,5500,2.33151995950702e-97
"1115",32,3,5500,6.79688987626258e-95
"1116",32,4,5500,1.59572606995559e-92
"1117",32,5,5500,2.8027130661391e-90
"1118",32,6,5500,4.34931502562881e-88
"1119",32,7,5500,5.1153635279281e-86
"1120",32,8,5500,5.3849376894358e-84
"1121",32,9,5500,4.93558630555073e-82
"1122",32,10,5500,4.27539104384403e-80
"1123",32,11,5500,3.38065521818191e-78
"1124",32,12,5500,2.28930902348591e-76
"1125",32,13,5500,1.5498231551923e-74
"1126",32,14,5500,9.99998167802527e-73
"1127",32,15,5500,6.01387439469128e-71
"1128",32,16,5500,3.28249763486297e-69
"1129",32,17,5500,1.5917587471706e-67
"1130",32,18,5500,8.06469951718008e-66
"1131",32,19,5500,3.91151301035795e-64
"1132",32,20,5500,1.74833399698508e-62
"1133",32,21,5500,7.60127137122435e-61
"1134",32,22,5500,3.04447999724222e-59
"1135",32,23,5500,1.25762092971088e-57
"1136",32,24,5500,4.50951787365265e-56
"1137",32,25,5500,1.58173929988201e-54
"1138",32,26,5500,5.56744699882198e-53
"1139",32,27,5500,1.81625801146336e-51
"1140",32,28,5500,5.90770569817842e-50
"1141",32,29,5500,1.81655210104946e-48
"1142",32,30,5500,5.52369139193364e-47
"1143",32,31,5500,1.55042013295568e-45
"1144",32,32,5500,4.0673952020433e-44
"1145",32,33,5500,1.0752901199996e-42
"1146",32,34,5500,2.68141740795798e-41
"1147",32,35,5500,6.92560790684023e-40
"1148",32,36,5500,1.64210186745867e-38
"1149",32,37,5500,3.8531768526119e-37
"1150",32,38,5500,8.77933421177276e-36
"1151",32,39,5500,1.89713180928951e-34
"1152",32,40,5500,3.90900116760112e-33
"1153",32,41,5500,8.39418892670783e-32
"1154",32,42,5500,1.7028438967895e-30
"1155",32,43,5500,3.32199143939938e-29
"1156",32,44,5500,6.57507141595731e-28
"1157",32,45,5500,1.25354161664108e-26
"1158",32,46,5500,2.39104644154427e-25
"1159",32,47,5500,4.54927891402714e-24
"1160",32,48,5500,8.51584663875152e-23
"1161",32,49,5500,1.52910279004415e-21
"1162",32,50,5500,2.52772029540465e-20
"1163",32,51,5500,4.28669095423425e-19
"1164",32,52,5500,6.80846597703798e-18
"1165",32,53,5500,1.20481597749615e-16
"1166",32,54,5500,1.98903116837708e-15
"1167",32,55,5500,3.32869469356793e-14
"1168",32,56,5500,5.33619170862611e-13
"1169",32,57,5500,8.15030743618404e-12
"1170",32,58,5500,1.22299113145625e-10
"1171",32,59,5500,1.611794239262e-09
"1172",32,60,5500,1.95293406227718e-08
"1173",32,61,5500,2.17875979754761e-07
"1174",32,62,5500,2.07793701050009e-06
"1175",32,63,5500,1.54814045593326e-05
"1176",32,64,5500,8.86005583761007e-05
"1177",32,65,5500,0.000484296538864621
"1178",32,66,5500,0.00182955781007296
"1179",32,67,5500,0.00534101110360261
"1180",32,68,5500,0.0171232494567294
"1181",32,69,5500,0.0341583501514822
"1182",32,70,5500,0.0707348509343517
"1183",32,71,5500,0.173026309912323
"1184",32,72,5500,0.216129612892754
"1185",32,73,5500,0.239231218425028
"1186",32,74,5500,0.140049203337139
"1187",32,75,5500,0.0701079716809761
"1188",32,76,5500,0.0194427049037317
"1189",32,77,5500,0.00887778638306327
"1190",32,78,5500,0.00268026916737246
"1191",32,79,5500,0.000527243958083377
"1192",32,80,5500,9.72669246514477e-05
"1193",32,81,5500,4.33637560014773e-05
"1194",32,82,5500,7.07760784567401e-06
"1195",32,83,5500,1.55541816847857e-06
"1196",32,84,5500,6.32744283055721e-07
"1197",32,85,5500,6.00932323874758e-08
"1198",32,86,5500,6.57988294485126e-09
"1199",32,87,5500,9.85539435866821e-10
"1200",32,88,5500,1.61506194339489e-10
"1201",32,89,5500,1.94997070576602e-11
"1202",32,90,5500,4.57168190287886e-12
"1203",32,91,5500,1.05730609546021e-12
"1204",32,92,5500,9.78477403304255e-14
"1205",32,93,5500,7.98844706874126e-15
"1206",32,94,5500,5.71467889575875e-16
"1207",32,95,5500,2.56098625784331e-17
"1208",32,96,5500,1.54666208735886e-18
"1209",32,97,5500,4.84944018356697e-20
"1210",32,98,5500,2.06331682563825e-21
"1211",32,99,5500,3.63203500207504e-23
"1212",32,100,5500,7.23999917888189e-25
"1213",32,0,6000,4.35841294044865e-102
"1214",32,1,6000,5.08142748053832e-100
"1215",32,2,6000,2.33151989077665e-97
"1216",32,3,6000,6.79688968107911e-95
"1217",32,4,6000,1.59572602522017e-92
"1218",32,5,6000,2.80271298959513e-90
"1219",32,6,6000,4.34931490967753e-88
"1220",32,7,6000,5.11536339525302e-86
"1221",32,8,6000,5.38493755346133e-84
"1222",32,9,6000,4.93558618431872e-82
"1223",32,10,6000,4.27539094156708e-80
"1224",32,11,6000,3.38065513938401e-78
"1225",32,12,6000,2.2893089716126e-76
"1226",32,13,6000,1.54982312098476e-74
"1227",32,14,6000,9.99998146288897e-73
"1228",32,15,6000,6.01387426858167e-71
"1229",32,16,6000,3.28249756780754e-69
"1230",32,17,6000,1.59175871556087e-67
"1231",32,18,6000,8.06469936108925e-66
"1232",32,19,6000,3.91151293654145e-64
"1233",32,20,6000,1.74833396484696e-62
"1234",32,21,6000,7.60127123501894e-61
"1235",32,22,6000,3.04447994414208e-59
"1236",32,23,6000,1.25762090830934e-57
"1237",32,24,6000,4.50951779897859e-56
"1238",32,25,6000,1.58173927439045e-54
"1239",32,26,6000,5.56744691138295e-53
"1240",32,27,6000,1.81625798370064e-51
"1241",32,28,6000,5.90770561020446e-50
"1242",32,29,6000,1.8165520747168e-48
"1243",32,30,6000,5.52369131393177e-47
"1244",32,31,6000,1.55042011165189e-45
"1245",32,32,6000,4.06739514773379e-44
"1246",32,33,6000,1.07529010603071e-42
"1247",32,34,6000,2.68141737411074e-41
"1248",32,35,6000,6.92560782172407e-40
"1249",32,36,6000,1.64210184784388e-38
"1250",32,37,6000,3.85317680786175e-37
"1251",32,38,6000,8.77933411264406e-36
"1252",32,39,6000,1.89713178847878e-34
"1253",32,40,6000,3.90900112599021e-33
"1254",32,41,6000,8.39418883982593e-32
"1255",32,42,6000,1.70284387966847e-30
"1256",32,43,6000,3.32199140697966e-29
"1257",32,44,6000,6.57507135360745e-28
"1258",32,45,6000,1.25354160509823e-26
"1259",32,46,6000,2.39104642015523e-25
"1260",32,47,6000,4.54927887447713e-24
"1261",32,48,6000,8.51584656679709e-23
"1262",32,49,6000,1.52910277749168e-21
"1263",32,50,6000,2.52772027529242e-20
"1264",32,51,6000,4.28669092112216e-19
"1265",32,52,6000,6.80846592610235e-18
"1266",32,53,6000,1.20481596873136e-16
"1267",32,54,6000,1.98903115433185e-15
"1268",32,55,6000,3.32869467073239e-14
"1269",32,56,6000,5.33619167308692e-13
"1270",32,57,6000,8.15030738355083e-12
"1271",32,58,6000,1.22299112379559e-10
"1272",32,59,6000,1.61179422950426e-09
"1273",32,60,6000,1.95293405087826e-08
"1274",32,61,6000,2.17875978531446e-07
"1275",32,62,6000,2.07793699933695e-06
"1276",32,63,6000,1.54814044806469e-05
"1277",32,64,6000,8.8600557957423e-05
"1278",32,65,6000,0.000484296536742632
"1279",32,66,6000,0.00182955780289619
"1280",32,67,6000,0.00534101108561454
"1281",32,68,6000,0.0171232494068116
"1282",32,69,6000,0.0341583500739316
"1283",32,70,6000,0.0707348508143339
"1284",32,71,6000,0.173026309687928
"1285",32,72,6000,0.216129612753055
"1286",32,73,6000,0.239231218437696
"1287",32,74,6000,0.140049203495021
"1288",32,75,6000,0.0701079718701539
"1289",32,76,6000,0.0194427050143339
"1290",32,77,6000,0.00887778648318567
"1291",32,78,6000,0.00268026921090389
"1292",32,79,6000,0.000527243970566962
"1293",32,80,6000,9.72669298458664e-05
"1294",32,81,6000,4.33637612182564e-05
"1295",32,82,6000,7.07760915079207e-06
"1296",32,83,6000,1.55541882093517e-06
"1297",32,84,6000,6.32744763323752e-07
"1298",32,85,6000,6.00932839043177e-08
"1299",32,86,6000,6.57988973898315e-09
"1300",32,87,6000,9.85540868259305e-10
"1301",32,88,6000,1.61506581219785e-10
"1302",32,89,6000,1.94998152052374e-11
"1303",32,90,6000,4.57175519614371e-12
"1304",32,91,6000,1.05733466516851e-12
"1305",32,92,6000,9.78509549541081e-14
"1306",32,93,6000,7.98876520532202e-15
"1307",32,94,6000,5.71495222440764e-16
"1308",32,95,6000,2.5611267274162e-17
"1309",32,96,6000,1.54676763385986e-18
"1310",32,97,6000,4.84982129162093e-20
"1311",32,98,6000,2.0635263101904e-21
"1312",32,99,6000,3.63246171751761e-23
"1313",32,100,6000,7.24085242940608e-25
"1314",32,0,6500,4.35841291923671e-102
"1315",32,1,6500,5.08142745590265e-100
"1316",32,2,6500,2.33151987974602e-97
"1317",32,3,6500,6.79688964975158e-95
"1318",32,4,6500,1.59572601803953e-92
"1319",32,5,6500,2.80271297730789e-90
"1320",32,6,6500,4.3493148910632e-88
"1321",32,7,6500,5.11536337395233e-86
"1322",32,8,6500,5.38493753162934e-84
"1323",32,9,6500,4.93558616485232e-82
"1324",32,10,6500,4.27539092514317e-80
"1325",32,11,6500,3.38065512672955e-78
"1326",32,12,6500,2.28930896328144e-76
"1327",32,13,6500,1.54982311549045e-74
"1328",32,14,6500,9.99998142833209e-73
"1329",32,15,6500,6.01387424832361e-71
"1330",32,16,6500,3.28249755703512e-69
"1331",32,17,6500,1.59175871048242e-67
"1332",32,18,6500,8.06469933600987e-66
"1333",32,19,6500,3.91151292468046e-64
"1334",32,20,6500,1.7483339596826e-62
"1335",32,21,6500,7.60127121313031e-61
"1336",32,22,6500,3.04447993560815e-59
"1337",32,23,6500,1.2576209048696e-57
"1338",32,24,6500,4.50951778697589e-56
"1339",32,25,6500,1.5817392702928e-54
"1340",32,26,6500,5.56744689732665e-53
"1341",32,27,6500,1.81625797923733e-51
"1342",32,28,6500,5.90770559606034e-50
"1343",32,29,6500,1.81655207048286e-48
"1344",32,30,6500,5.52369130138933e-47
"1345",32,31,6500,1.55042010822609e-45
"1346",32,32,6500,4.06739513899985e-44
"1347",32,33,6500,1.07529010378412e-42
"1348",32,34,6500,2.68141736866678e-41
"1349",32,35,6500,6.92560780803323e-40
"1350",32,36,6500,1.64210184468865e-38
"1351",32,37,6500,3.85317680066281e-37
"1352",32,38,6500,8.77933409669623e-36
"1353",32,39,6500,1.89713178513053e-34
"1354",32,40,6500,3.90900111929497e-33
"1355",32,41,6500,8.39418882584566e-32
"1356",32,42,6500,1.70284387691333e-30
"1357",32,43,6500,3.3219914017623e-29
"1358",32,44,6500,6.57507134357275e-28
"1359",32,45,6500,1.25354160324038e-26
"1360",32,46,6500,2.39104641671241e-25
"1361",32,47,6500,4.54927886811071e-24
"1362",32,48,6500,8.51584655521378e-23
"1363",32,49,6500,1.52910277547085e-21
"1364",32,50,6500,2.52772027205432e-20
"1365",32,51,6500,4.28669091579074e-19
"1366",32,52,6500,6.80846591790061e-18
"1367",32,53,6500,1.20481596731997e-16
"1368",32,54,6500,1.98903115207e-15
"1369",32,55,6500,3.32869466705473e-14
"1370",32,56,6500,5.33619166736302e-13
"1371",32,57,6500,8.15030737507326e-12
"1372",32,58,6500,1.22299112256162e-10
"1373",32,59,6500,1.61179422793239e-09
"1374",32,60,6500,1.95293404904189e-08
"1375",32,61,6500,2.17875978334355e-07
"1376",32,62,6500,2.07793699753828e-06
"1377",32,63,6500,1.54814044679673e-05
"1378",32,64,6500,8.8600557889947e-05
"1379",32,65,6500,0.000484296536400594
"1380",32,66,6500,0.00182955780173914
"1381",32,67,6500,0.00534101108271366
"1382",32,68,6500,0.0171232493987593
"1383",32,69,6500,0.0341583500614159
"1384",32,70,6500,0.0707348507949531
"1385",32,71,6500,0.173026309651671
"1386",32,72,6500,0.216129612730437
"1387",32,73,6500,0.239231218439654
"1388",32,74,6500,0.140049203520466
"1389",32,75,6500,0.0701079719006982
"1390",32,76,6500,0.0194427050322223
"1391",32,77,6500,0.00887778649940285
"1392",32,78,6500,0.00268026921796886
"1393",32,79,6500,0.000527243972604666
"1394",32,80,6500,9.72669307052849e-05
"1395",32,81,6500,4.33637620882118e-05
"1396",32,82,6500,7.07760936968437e-06
"1397",32,83,6500,1.55541893138444e-06
"1398",32,84,6500,6.32744844956254e-07
"1399",32,85,6500,6.0093292668018e-08
"1400",32,86,6500,6.57989089852379e-09
"1401",32,87,6500,9.85541116382011e-10
"1402",32,88,6500,1.61506650717228e-10
"1403",32,89,6500,1.94998359064953e-11
"1404",32,90,6500,4.57176979655445e-12
"1405",32,91,6500,1.05734042101687e-12
"1406",32,92,6500,9.7851604969822e-14
"1407",32,93,6500,7.98882977384975e-15
"1408",32,94,6500,5.71500789903771e-16
"1409",32,95,6500,2.56115541864185e-17
"1410",32,96,6500,1.54678929349136e-18
"1411",32,97,6500,4.84989974035536e-20
"1412",32,98,6500,2.06356969514078e-21
"1413",32,99,6500,3.63255039003581e-23
"1414",32,100,6500,7.24102974878368e-25
"1415",32,0,7000,4.35841291581451e-102
"1416",32,1,7000,5.08142745192805e-100
"1417",32,2,7000,2.33151987796629e-97
"1418",32,3,7000,6.79688964469675e-95
"1419",32,4,7000,1.59572601688084e-92
"1420",32,5,7000,2.80271297532507e-90
"1421",32,6,7000,4.3493148880592e-88
"1422",32,7,7000,5.11536337051458e-86
"1423",32,8,7000,5.38493752810564e-84
"1424",32,9,7000,4.93558616171023e-82
"1425",32,10,7000,4.27539092249201e-80
"1426",32,11,7000,3.38065512468674e-78
"1427",32,12,7000,2.28930896193646e-76
"1428",32,13,7000,1.5498231146034e-74
"1429",32,14,7000,9.99998142275261e-73
"1430",32,15,7000,6.0138742450526e-71
"1431",32,16,7000,3.28249755529564e-69
"1432",32,17,7000,1.59175870966232e-67
"1433",32,18,7000,8.0646993319597e-66
"1434",32,19,7000,3.91151292276488e-64
"1435",32,20,7000,1.7483339588485e-62
"1436",32,21,7000,7.60127120959485e-61
"1437",32,22,7000,3.04447993422967e-59
"1438",32,23,7000,1.25762090431395e-57
"1439",32,24,7000,4.50951778503689e-56
"1440",32,25,7000,1.5817392696308e-54
"1441",32,26,7000,5.56744689505566e-53
"1442",32,27,7000,1.81625797851619e-51
"1443",32,28,7000,5.90770559377493e-50
"1444",32,29,7000,1.8165520697987e-48
"1445",32,30,7000,5.52369129936251e-47
"1446",32,31,7000,1.55042010767246e-45
"1447",32,32,7000,4.06739513758832e-44
"1448",32,33,7000,1.07529010342102e-42
"1449",32,34,7000,2.68141736778686e-41
"1450",32,35,7000,6.92560780582024e-40
"1451",32,36,7000,1.64210184417862e-38
"1452",32,37,7000,3.85317679949905e-37
"1453",32,38,7000,8.77933409411802e-36
"1454",32,39,7000,1.89713178458921e-34
"1455",32,40,7000,3.90900111821246e-33
"1456",32,41,7000,8.39418882358518e-32
"1457",32,42,7000,1.70284387646783e-30
"1458",32,43,7000,3.32199140091861e-29
"1459",32,44,7000,6.57507134194998e-28
"1460",32,45,7000,1.25354160293992e-26
"1461",32,46,7000,2.3910464161556e-25
"1462",32,47,7000,4.549278867081e-24
"1463",32,48,7000,8.5158465533402e-23
"1464",32,49,7000,1.52910277514397e-21
"1465",32,50,7000,2.52772027153051e-20
"1466",32,51,7000,4.28669091492827e-19
"1467",32,52,7000,6.80846591657373e-18
"1468",32,53,7000,1.20481596709162e-16
"1469",32,54,7000,1.98903115170404e-15
"1470",32,55,7000,3.32869466645967e-14
"1471",32,56,7000,5.33619166643682e-13
"1472",32,57,7000,8.15030737370143e-12
"1473",32,58,7000,1.22299112236193e-10
"1474",32,59,7000,1.61179422767801e-09
"1475",32,60,7000,1.95293404874468e-08
"1476",32,61,7000,2.17875978302455e-07
"1477",32,62,7000,2.07793699724714e-06
"1478",32,63,7000,1.54814044659147e-05
"1479",32,64,7000,8.86005578790227e-05
"1480",32,65,7000,0.000484296536345212
"1481",32,66,7000,0.00182955780155177
"1482",32,67,7000,0.00534101108224377
"1483",32,68,7000,0.0171232493974547
"1484",32,69,7000,0.0341583500593873
"1485",32,70,7000,0.0707348507918104
"1486",32,71,7000,0.173026309645789
"1487",32,72,7000,0.216129612726762
"1488",32,73,7000,0.239231218439959
"1489",32,74,7000,0.140049203524586
"1490",32,75,7000,0.0701079719056505
"1491",32,76,7000,0.0194427050351267
"1492",32,77,7000,0.00887778650203906
"1493",32,78,7000,0.00268026921911915
"1494",32,79,7000,0.000527243972937965
"1495",32,80,7000,9.72669308473586e-05
"1496",32,81,7000,4.33637622329063e-05
"1497",32,82,7000,7.07760940625104e-06
"1498",32,83,7000,1.55541894996504e-06
"1499",32,84,7000,6.3274485873093e-07
"1500",32,85,7000,6.00932941477893e-08
"1501",32,86,7000,6.57989109492721e-09
"1502",32,87,7000,9.85541159046936e-10
"1503",32,88,7000,1.61506663105588e-10
"1504",32,89,7000,1.94998398165248e-11
"1505",32,90,7000,4.5717726470945e-12
"1506",32,91,7000,1.05734155491251e-12
"1507",32,92,7000,9.78517333922131e-14
"1508",32,93,7000,7.98884256782706e-15
"1509",32,94,7000,5.71501896190627e-16
"1510",32,95,7000,2.56116113201875e-17
"1511",32,96,7000,1.54679362246984e-18
"1512",32,97,7000,4.84991545679615e-20
"1513",32,98,7000,2.06357842809607e-21
"1514",32,99,7000,3.63256828538492e-23
"1515",32,100,7000,7.24106553613846e-25
"1516",32,0,7500,4.35841291525999e-102
"1517",32,1,7500,5.08142745128401e-100
"1518",32,2,7500,2.33151987767789e-97
"1519",32,3,7500,6.7968896438776e-95
"1520",32,4,7500,1.59572601669306e-92
"1521",32,5,7500,2.80271297500371e-90
"1522",32,6,7500,4.34931488757232e-88
"1523",32,7,7500,5.11536336995738e-86
"1524",32,8,7500,5.38493752753448e-84
"1525",32,9,7500,4.9355861612009e-82
"1526",32,10,7500,4.27539092206224e-80
"1527",32,11,7500,3.38065512435558e-78
"1528",32,12,7500,2.2893089617184e-76
"1529",32,13,7500,1.54982311445958e-74
"1530",32,14,7500,9.99998142184798e-73
"1531",32,15,7500,6.01387424452223e-71
"1532",32,16,7500,3.28249755501358e-69
"1533",32,17,7500,1.59175870952934e-67
"1534",32,18,7500,8.06469933130291e-66
"1535",32,19,7500,3.91151292245423e-64
"1536",32,20,7500,1.74833395871322e-62
"1537",32,21,7500,7.60127120902146e-61
"1538",32,22,7500,3.04447993400609e-59
"1539",32,23,7500,1.25762090422383e-57
"1540",32,24,7500,4.50951778472238e-56
"1541",32,25,7500,1.58173926952342e-54
"1542",32,26,7500,5.56744689468727e-53
"1543",32,27,7500,1.8162579783992e-51
"1544",32,28,7500,5.90770559340416e-50
"1545",32,29,7500,1.8165520696877e-48
"1546",32,30,7500,5.52369129903367e-47
"1547",32,31,7500,1.55042010758263e-45
"1548",32,32,7500,4.06739513735929e-44
"1549",32,33,7500,1.0752901033621e-42
"1550",32,34,7500,2.68141736764408e-41
"1551",32,35,7500,6.92560780546113e-40
"1552",32,36,7500,1.64210184409585e-38
"1553",32,37,7500,3.85317679931018e-37
"1554",32,38,7500,8.77933409369959e-36
"1555",32,39,7500,1.89713178450135e-34
"1556",32,40,7500,3.90900111803676e-33
"1557",32,41,7500,8.39418882321827e-32
"1558",32,42,7500,1.70284387639551e-30
"1559",32,43,7500,3.32199140078166e-29
"1560",32,44,7500,6.57507134168655e-28
"1561",32,45,7500,1.25354160289115e-26
"1562",32,46,7500,2.3910464160652e-25
"1563",32,47,7500,4.54927886691382e-24
"1564",32,48,7500,8.515846553036e-23
"1565",32,49,7500,1.52910277509089e-21
"1566",32,50,7500,2.52772027144545e-20
"1567",32,51,7500,4.28669091478821e-19
"1568",32,52,7500,6.80846591635825e-18
"1569",32,53,7500,1.20481596705453e-16
"1570",32,54,7500,1.9890311516446e-15
"1571",32,55,7500,3.32869466636302e-14
"1572",32,56,7500,5.33619166628639e-13
"1573",32,57,7500,8.1503073734786e-12
"1574",32,58,7500,1.22299112232949e-10
"1575",32,59,7500,1.61179422763668e-09
"1576",32,60,7500,1.9529340486964e-08
"1577",32,61,7500,2.17875978297272e-07
"1578",32,62,7500,2.07793699719984e-06
"1579",32,63,7500,1.54814044655812e-05
"1580",32,64,7500,8.86005578772475e-05
"1581",32,65,7500,0.000484296536336212
"1582",32,66,7500,0.00182955780152131
"1583",32,67,7500,0.00534101108216738
"1584",32,68,7500,0.0171232493972426
"1585",32,69,7500,0.0341583500590574
"1586",32,70,7500,0.0707348507912991
"1587",32,71,7500,0.173026309644832
"1588",32,72,7500,0.216129612726163
"1589",32,73,7500,0.239231218440008
"1590",32,74,7500,0.140049203525255
"1591",32,75,7500,0.0701079719064561
"1592",32,76,7500,0.0194427050355997
"1593",32,77,7500,0.0088777865024688
"1594",32,78,7500,0.00268026921930691
"1595",32,79,7500,0.00052724397299257
"1596",32,80,7500,9.72669308708302e-05
"1597",32,81,7500,4.33637622569243e-05
"1598",32,82,7500,7.07760941234124e-06
"1599",32,83,7500,1.55541895307623e-06
"1600",32,84,7500,6.3274486104272e-07
"1601",32,85,7500,6.00932943962752e-08
"1602",32,86,7500,6.57989112800908e-09
"1603",32,87,7500,9.85541166344673e-10
"1604",32,88,7500,1.61506665301428e-10
"1605",32,89,7500,1.94998405471202e-11
"1606",32,90,7500,4.57177319472345e-12
"1607",32,91,7500,1.05734177434057e-12
"1608",32,92,7500,9.78517583018044e-14
"1609",32,93,7500,7.9888450552371e-15
"1610",32,94,7500,5.71502111761069e-16
"1611",32,95,7500,2.56116224723409e-17
"1612",32,96,7500,1.54679446992633e-18
"1613",32,97,7500,4.84991853932345e-20
"1614",32,98,7500,2.06358014735417e-21
"1615",32,99,7500,3.63257181567842e-23
"1616",32,100,7500,7.24107259635082e-25
"1617",32,0,8000,4.35841291516983e-102
"1618",32,1,8000,5.0814274511793e-100
"1619",32,2,8000,2.331519877631e-97
"1620",32,3,8000,6.79688964374442e-95
"1621",32,4,8000,1.59572601666253e-92
"1622",32,5,8000,2.80271297495147e-90
"1623",32,6,8000,4.34931488749316e-88
"1624",32,7,8000,5.11536336986678e-86
"1625",32,8,8000,5.38493752744161e-84
"1626",32,9,8000,4.93558616111808e-82
"1627",32,10,8000,4.27539092199236e-80
"1628",32,11,8000,3.38065512430172e-78
"1629",32,12,8000,2.28930896168295e-76
"1630",32,13,8000,1.54982311443619e-74
"1631",32,14,8000,9.99998142170086e-73
"1632",32,15,8000,6.01387424443597e-71
"1633",32,16,8000,3.28249755496771e-69
"1634",32,17,8000,1.59175870950771e-67
"1635",32,18,8000,8.06469933119608e-66
"1636",32,19,8000,3.91151292240371e-64
"1637",32,20,8000,1.74833395869122e-62
"1638",32,21,8000,7.60127120892819e-61
"1639",32,22,8000,3.04447993396972e-59
"1640",32,23,8000,1.25762090420917e-57
"1641",32,24,8000,4.50951778467121e-56
"1642",32,25,8000,1.58173926950595e-54
"1643",32,26,8000,5.56744689462733e-53
"1644",32,27,8000,1.81625797838016e-51
"1645",32,28,8000,5.90770559334384e-50
"1646",32,29,8000,1.81655206966964e-48
"1647",32,30,8000,5.52369129898016e-47
"1648",32,31,8000,1.55042010756802e-45
"1649",32,32,8000,4.06739513732201e-44
"1650",32,33,8000,1.07529010335252e-42
"1651",32,34,8000,2.68141736762084e-41
"1652",32,35,8000,6.92560780540268e-40
"1653",32,36,8000,1.64210184408237e-38
"1654",32,37,8000,3.85317679927944e-37
"1655",32,38,8000,8.77933409363148e-36
"1656",32,39,8000,1.89713178448705e-34
"1657",32,40,8000,3.90900111800816e-33
"1658",32,41,8000,8.39418882315853e-32
"1659",32,42,8000,1.70284387638374e-30
"1660",32,43,8000,3.32199140075936e-29
"1661",32,44,8000,6.57507134164366e-28
"1662",32,45,8000,1.25354160288321e-26
"1663",32,46,8000,2.39104641605048e-25
"1664",32,47,8000,4.5492788668866e-24
"1665",32,48,8000,8.51584655298646e-23
"1666",32,49,8000,1.52910277508225e-21
"1667",32,50,8000,2.5277202714316e-20
"1668",32,51,8000,4.28669091476541e-19
"1669",32,52,8000,6.80846591632315e-18
"1670",32,53,8000,1.20481596704849e-16
"1671",32,54,8000,1.98903115163492e-15
"1672",32,55,8000,3.32869466634728e-14
"1673",32,56,8000,5.33619166626188e-13
"1674",32,57,8000,8.1503073734423e-12
"1675",32,58,8000,1.22299112232421e-10
"1676",32,59,8000,1.61179422762995e-09
"1677",32,60,8000,1.95293404868854e-08
"1678",32,61,8000,2.17875978296428e-07
"1679",32,62,8000,2.07793699719213e-06
"1680",32,63,8000,1.54814044655269e-05
"1681",32,64,8000,8.86005578769584e-05
"1682",32,65,8000,0.000484296536334746
"1683",32,66,8000,0.00182955780151635
"1684",32,67,8000,0.00534101108215494
"1685",32,68,8000,0.017123249397208
"1686",32,69,8000,0.0341583500590036
"1687",32,70,8000,0.0707348507912157
"1688",32,71,8000,0.173026309644675
"1689",32,72,8000,0.216129612726065
"1690",32,73,8000,0.239231218440015
"1691",32,74,8000,0.140049203525365
"1692",32,75,8000,0.0701079719065877
"1693",32,76,8000,0.019442705035677
"1694",32,77,8000,0.00887778650253906
"1695",32,78,8000,0.00268026921933763
"1696",32,79,8000,0.00052724397300153
"1697",32,80,8000,9.72669308747065e-05
"1698",32,81,8000,4.33637622609051e-05
"1699",32,82,8000,7.07760941335327e-06
"1700",32,83,8000,1.55541895359535e-06
"1701",32,84,8000,6.32744861429134e-07
"1702",32,85,8000,6.00932944378292e-08
"1703",32,86,8000,6.57989113355834e-09
"1704",32,87,8000,9.85541167588242e-10
"1705",32,88,8000,1.61506665688997e-10
"1706",32,89,8000,1.94998406824249e-11
"1707",32,90,8000,4.57177329855696e-12
"1708",32,91,8000,1.05734181619494e-12
"1709",32,92,8000,9.78517630621375e-14
"1710",32,93,8000,7.98884553149912e-15
"1711",32,94,8000,5.71502153111902e-16
"1712",32,95,8000,2.56116246145304e-17
"1713",32,96,8000,1.54679463309708e-18
"1714",32,97,8000,4.84991913374598e-20
"1715",32,98,8000,2.06358047989287e-21
"1716",32,99,8000,3.63257249963453e-23
"1717",32,100,8000,7.24107396423478e-25
"1718",32,0,8500,4.35841291515511e-102
"1719",32,1,8500,5.0814274511622e-100
"1720",32,2,8500,2.33151987762335e-97
"1721",32,3,8500,6.79688964372267e-95
"1722",32,4,8500,1.59572601665754e-92
"1723",32,5,8500,2.80271297494293e-90
"1724",32,6,8500,4.34931488748022e-88
"1725",32,7,8500,5.11536336985198e-86
"1726",32,8,8500,5.38493752742642e-84
"1727",32,9,8500,4.93558616110454e-82
"1728",32,10,8500,4.27539092198093e-80
"1729",32,11,8500,3.38065512429292e-78
"1730",32,12,8500,2.28930896167715e-76
"1731",32,13,8500,1.54982311443237e-74
"1732",32,14,8500,9.99998142167681e-73
"1733",32,15,8500,6.01387424442188e-71
"1734",32,16,8500,3.28249755496021e-69
"1735",32,17,8500,1.59175870950417e-67
"1736",32,18,8500,8.06469933117861e-66
"1737",32,19,8500,3.91151292239544e-64
"1738",32,20,8500,1.74833395868762e-62
"1739",32,21,8500,7.60127120891293e-61
"1740",32,22,8500,3.04447993396377e-59
"1741",32,23,8500,1.25762090420677e-57
"1742",32,24,8500,4.50951778466285e-56
"1743",32,25,8500,1.58173926950309e-54
"1744",32,26,8500,5.56744689461752e-53
"1745",32,27,8500,1.81625797837705e-51
"1746",32,28,8500,5.90770559333397e-50
"1747",32,29,8500,1.81655206966669e-48
"1748",32,30,8500,5.5236912989714e-47
"1749",32,31,8500,1.55042010756562e-45
"1750",32,32,8500,4.06739513731591e-44
"1751",32,33,8500,1.07529010335095e-42
"1752",32,34,8500,2.68141736761704e-41
"1753",32,35,8500,6.92560780539311e-40
"1754",32,36,8500,1.64210184408017e-38
"1755",32,37,8500,3.85317679927441e-37
"1756",32,38,8500,8.77933409362034e-36
"1757",32,39,8500,1.89713178448471e-34
"1758",32,40,8500,3.90900111800348e-33
"1759",32,41,8500,8.39418882314876e-32
"1760",32,42,8500,1.70284387638181e-30
"1761",32,43,8500,3.32199140075571e-29
"1762",32,44,8500,6.57507134163663e-28
"1763",32,45,8500,1.2535416028819e-26
"1764",32,46,8500,2.39104641604806e-25
"1765",32,47,8500,4.54927886688213e-24
"1766",32,48,8500,8.51584655297833e-23
"1767",32,49,8500,1.52910277508083e-21
"1768",32,50,8500,2.52772027142933e-20
"1769",32,51,8500,4.28669091476166e-19
"1770",32,52,8500,6.80846591631739e-18
"1771",32,53,8500,1.2048159670475e-16
"1772",32,54,8500,1.98903115163334e-15
"1773",32,55,8500,3.32869466634471e-14
"1774",32,56,8500,5.33619166625787e-13
"1775",32,57,8500,8.15030737343637e-12
"1776",32,58,8500,1.22299112232334e-10
"1777",32,59,8500,1.61179422762885e-09
"1778",32,60,8500,1.95293404868725e-08
"1779",32,61,8500,2.1787597829629e-07
"1780",32,62,8500,2.07793699719087e-06
"1781",32,63,8500,1.5481404465518e-05
"1782",32,64,8500,8.86005578769109e-05
"1783",32,65,8500,0.000484296536334505
"1784",32,66,8500,0.00182955780151553
"1785",32,67,8500,0.0053410110821529
"1786",32,68,8500,0.0171232493972024
"1787",32,69,8500,0.0341583500589949
"1788",32,70,8500,0.0707348507912022
"1789",32,71,8500,0.17302630964465
"1790",32,72,8500,0.216129612726049
"1791",32,73,8500,0.239231218440017
"1792",32,74,8500,0.140049203525382
"1793",32,75,8500,0.0701079719066089
"1794",32,76,8500,0.0194427050356896
"1795",32,77,8500,0.00887778650255054
"1796",32,78,8500,0.00268026921934266
"1797",32,79,8500,0.000527243973003
"1798",32,80,8500,9.72669308753461e-05
"1799",32,81,8500,4.3363762261564e-05
"1800",32,82,8500,7.07760941352113e-06
"1801",32,83,8500,1.55541895368173e-06
"1802",32,84,8500,6.32744861493522e-07
"1803",32,85,8500,6.00932944447562e-08
"1804",32,86,8500,6.57989113448629e-09
"1805",32,87,8500,9.85541167799581e-10
"1806",32,88,8500,1.61506665757182e-10
"1807",32,89,8500,1.94998407072973e-11
"1808",32,90,8500,4.57177331803151e-12
"1809",32,91,8500,1.05734182408416e-12
"1810",32,92,8500,9.78517639608306e-14
"1811",32,93,8500,7.98884562155337e-15
"1812",32,94,8500,5.71502160942584e-16
"1813",32,95,8500,2.56116250206658e-17
"1814",32,96,8500,1.5467946640926e-18
"1815",32,97,8500,4.84991924680269e-20
"1816",32,98,8500,2.06358054329722e-21
"1817",32,99,8500,3.63257263021868e-23
"1818",32,100,8500,7.24107422540458e-25
"1819",32,0,9000,4.35841291515267e-102
"1820",32,1,9000,5.08142745115937e-100
"1821",32,2,9000,2.33151987762208e-97
"1822",32,3,9000,6.79688964371907e-95
"1823",32,4,9000,1.59572601665672e-92
"1824",32,5,9000,2.80271297494152e-90
"1825",32,6,9000,4.3493148874781e-88
"1826",32,7,9000,5.11536336984955e-86
"1827",32,8,9000,5.38493752742395e-84
"1828",32,9,9000,4.93558616110235e-82
"1829",32,10,9000,4.27539092197908e-80
"1830",32,11,9000,3.3806551242915e-78
"1831",32,12,9000,2.28930896167622e-76
"1832",32,13,9000,1.54982311443176e-74
"1833",32,14,9000,9.99998142167297e-73
"1834",32,15,9000,6.01387424441964e-71
"1835",32,16,9000,3.28249755495902e-69
"1836",32,17,9000,1.59175870950361e-67
"1837",32,18,9000,8.06469933117587e-66
"1838",32,19,9000,3.91151292239415e-64
"1839",32,20,9000,1.74833395868706e-62
"1840",32,21,9000,7.60127120891057e-61
"1841",32,22,9000,3.04447993396286e-59
"1842",32,23,9000,1.2576209042064e-57
"1843",32,24,9000,4.50951778466156e-56
"1844",32,25,9000,1.58173926950265e-54
"1845",32,26,9000,5.56744689461603e-53
"1846",32,27,9000,1.81625797837658e-51
"1847",32,28,9000,5.90770559333248e-50
"1848",32,29,9000,1.81655206966624e-48
"1849",32,30,9000,5.5236912989701e-47
"1850",32,31,9000,1.55042010756527e-45
"1851",32,32,9000,4.06739513731502e-44
"1852",32,33,9000,1.07529010335072e-42
"1853",32,34,9000,2.68141736761648e-41
"1854",32,35,9000,6.92560780539172e-40
"1855",32,36,9000,1.64210184407985e-38
"1856",32,37,9000,3.85317679927368e-37
"1857",32,38,9000,8.77933409361872e-36
"1858",32,39,9000,1.89713178448437e-34
"1859",32,40,9000,3.90900111800281e-33
"1860",32,41,9000,8.39418882314737e-32
"1861",32,42,9000,1.70284387638155e-30
"1862",32,43,9000,3.32199140075521e-29
"1863",32,44,9000,6.57507134163568e-28
"1864",32,45,9000,1.25354160288173e-26
"1865",32,46,9000,2.39104641604775e-25
"1866",32,47,9000,4.54927886688154e-24
"1867",32,48,9000,8.51584655297728e-23
"1868",32,49,9000,1.52910277508065e-21
"1869",32,50,9000,2.52772027142904e-20
"1870",32,51,9000,4.28669091476119e-19
"1871",32,52,9000,6.80846591631668e-18
"1872",32,53,9000,1.20481596704738e-16
"1873",32,54,9000,1.98903115163314e-15
"1874",32,55,9000,3.32869466634438e-14
"1875",32,56,9000,5.33619166625738e-13
"1876",32,57,9000,8.15030737343564e-12
"1877",32,58,9000,1.22299112232324e-10
"1878",32,59,9000,1.61179422762872e-09
"1879",32,60,9000,1.9529340486871e-08
"1880",32,61,9000,2.17875978296274e-07
"1881",32,62,9000,2.07793699719073e-06
"1882",32,63,9000,1.5481404465517e-05
"1883",32,64,9000,8.86005578769061e-05
"1884",32,65,9000,0.000484296536334481
"1885",32,66,9000,0.00182955780151546
"1886",32,67,9000,0.00534101108215272
"1887",32,68,9000,0.0171232493972019
"1888",32,69,9000,0.0341583500589941
"1889",32,70,9000,0.070734850791201
"1890",32,71,9000,0.173026309644648
"1891",32,72,9000,0.216129612726048
"1892",32,73,9000,0.239231218440016
"1893",32,74,9000,0.140049203525382
"1894",32,75,9000,0.0701079719066108
"1895",32,76,9000,0.0194427050356911
"1896",32,77,9000,0.00887778650255208
"1897",32,78,9000,0.00268026921934339
"1898",32,79,9000,0.000527243973003228
"1899",32,80,9000,9.72669308754494e-05
"1900",32,81,9000,4.33637622616722e-05
"1901",32,82,9000,7.07760941354881e-06
"1902",32,83,9000,1.55541895369605e-06
"1903",32,84,9000,6.32744861504217e-07
"1904",32,85,9000,6.00932944459074e-08
"1905",32,86,9000,6.57989113464103e-09
"1906",32,87,9000,9.85541167835416e-10
"1907",32,88,9000,1.61506665769146e-10
"1908",32,89,9000,1.94998407118405e-11
"1909",32,90,9000,4.57177332165091e-12
"1910",32,91,9000,1.05734182555657e-12
"1911",32,92,9000,9.78517641287795e-14
"1912",32,93,9000,7.98884563840506e-15
"1913",32,94,9000,5.71502162409779e-16
"1914",32,95,9000,2.56116250968342e-17
"1915",32,96,9000,1.54679466991506e-18
"1916",32,97,9000,4.84991926806238e-20
"1917",32,98,9000,2.06358055524462e-21
"1918",32,99,9000,3.63257265485239e-23
"1919",32,100,9000,7.24107427467336e-25
"1920",32,0,9500,4.35841291515265e-102
"1921",32,1,9500,5.08142745115935e-100
"1922",32,2,9500,2.33151987762208e-97
"1923",32,3,9500,6.79688964371906e-95
"1924",32,4,9500,1.59572601665672e-92
"1925",32,5,9500,2.80271297494152e-90
"1926",32,6,9500,4.3493148874781e-88
"1927",32,7,9500,5.11536336984955e-86
"1928",32,8,9500,5.38493752742395e-84
"1929",32,9,9500,4.93558616110234e-82
"1930",32,10,9500,4.27539092197908e-80
"1931",32,11,9500,3.3806551242915e-78
"1932",32,12,9500,2.28930896167622e-76
"1933",32,13,9500,1.54982311443175e-74
"1934",32,14,9500,9.99998142167296e-73
"1935",32,15,9500,6.01387424441964e-71
"1936",32,16,9500,3.28249755495902e-69
"1937",32,17,9500,1.59175870950361e-67
"1938",32,18,9500,8.06469933117587e-66
"1939",32,19,9500,3.91151292239415e-64
"1940",32,20,9500,1.74833395868706e-62
"1941",32,21,9500,7.60127120891056e-61
"1942",32,22,9500,3.04447993396285e-59
"1943",32,23,9500,1.2576209042064e-57
"1944",32,24,9500,4.50951778466156e-56
"1945",32,25,9500,1.58173926950265e-54
"1946",32,26,9500,5.56744689461603e-53
"1947",32,27,9500,1.81625797837658e-51
"1948",32,28,9500,5.90770559333248e-50
"1949",32,29,9500,1.81655206966624e-48
"1950",32,30,9500,5.5236912989701e-47
"1951",32,31,9500,1.55042010756527e-45
"1952",32,32,9500,4.06739513731502e-44
"1953",32,33,9500,1.07529010335072e-42
"1954",32,34,9500,2.68141736761648e-41
"1955",32,35,9500,6.92560780539172e-40
"1956",32,36,9500,1.64210184407985e-38
"1957",32,37,9500,3.85317679927368e-37
"1958",32,38,9500,8.77933409361872e-36
"1959",32,39,9500,1.89713178448437e-34
"1960",32,40,9500,3.90900111800281e-33
"1961",32,41,9500,8.39418882314737e-32
"1962",32,42,9500,1.70284387638155e-30
"1963",32,43,9500,3.32199140075521e-29
"1964",32,44,9500,6.57507134163568e-28
"1965",32,45,9500,1.25354160288173e-26
"1966",32,46,9500,2.39104641604775e-25
"1967",32,47,9500,4.54927886688154e-24
"1968",32,48,9500,8.51584655297728e-23
"1969",32,49,9500,1.52910277508065e-21
"1970",32,50,9500,2.52772027142904e-20
"1971",32,51,9500,4.28669091476119e-19
"1972",32,52,9500,6.80846591631668e-18
"1973",32,53,9500,1.20481596704738e-16
"1974",32,54,9500,1.98903115163314e-15
"1975",32,55,9500,3.32869466634439e-14
"1976",32,56,9500,5.33619166625738e-13
"1977",32,57,9500,8.15030737343564e-12
"1978",32,58,9500,1.22299112232324e-10
"1979",32,59,9500,1.61179422762872e-09
"1980",32,60,9500,1.9529340486871e-08
"1981",32,61,9500,2.17875978296274e-07
"1982",32,62,9500,2.07793699719073e-06
"1983",32,63,9500,1.5481404465517e-05
"1984",32,64,9500,8.86005578769061e-05
"1985",32,65,9500,0.000484296536334482
"1986",32,66,9500,0.00182955780151546
"1987",32,67,9500,0.00534101108215271
"1988",32,68,9500,0.0171232493972019
"1989",32,69,9500,0.0341583500589941
"1990",32,70,9500,0.070734850791201
"1991",32,71,9500,0.173026309644648
"1992",32,72,9500,0.216129612726048
"1993",32,73,9500,0.239231218440016
"1994",32,74,9500,0.140049203525383
"1995",32,75,9500,0.070107971906611
"1996",32,76,9500,0.0194427050356912
"1997",32,77,9500,0.00887778650255218
"1998",32,78,9500,0.00268026921934343
"1999",32,79,9500,0.000527243973003245
"2000",32,80,9500,9.72669308754627e-05
"2001",32,81,9500,4.33637622616887e-05
"2002",32,82,9500,7.07760941355319e-06
"2003",32,83,9500,1.55541895369839e-06
"2004",32,84,9500,6.32744861505984e-07
"2005",32,85,9500,6.00932944460979e-08
"2006",32,86,9500,6.57989113466675e-09
"2007",32,87,9500,9.85541167841484e-10
"2008",32,88,9500,1.61506665771241e-10
"2009",32,89,9500,1.94998407126661e-11
"2010",32,90,9500,4.57177332231848e-12
"2011",32,91,9500,1.05734182582911e-12
"2012",32,92,9500,9.78517641599006e-14
"2013",32,93,9500,7.98884564153116e-15
"2014",32,94,9500,5.71502162682243e-16
"2015",32,95,9500,2.56116251109904e-17
"2016",32,96,9500,1.54679467099865e-18
"2017",32,97,9500,4.8499192720224e-20
"2018",32,98,9500,2.06358055747389e-21
"2019",32,99,9500,3.63257265945311e-23
"2020",32,100,9500,7.24107428387524e-25
"2021",32,0,10000,4.35841291515265e-102
"2022",32,1,10000,5.08142745115935e-100
"2023",32,2,10000,2.33151987762208e-97
"2024",32,3,10000,6.79688964371906e-95
"2025",32,4,10000,1.59572601665672e-92
"2026",32,5,10000,2.80271297494152e-90
"2027",32,6,10000,4.3493148874781e-88
"2028",32,7,10000,5.11536336984955e-86
"2029",32,8,10000,5.38493752742395e-84
"2030",32,9,10000,4.93558616110234e-82
"2031",32,10,10000,4.27539092197908e-80
"2032",32,11,10000,3.3806551242915e-78
"2033",32,12,10000,2.28930896167622e-76
"2034",32,13,10000,1.54982311443175e-74
"2035",32,14,10000,9.99998142167296e-73
"2036",32,15,10000,6.01387424441964e-71
"2037",32,16,10000,3.28249755495902e-69
"2038",32,17,10000,1.59175870950361e-67
"2039",32,18,10000,8.06469933117587e-66
"2040",32,19,10000,3.91151292239415e-64
"2041",32,20,10000,1.74833395868706e-62
"2042",32,21,10000,7.60127120891056e-61
"2043",32,22,10000,3.04447993396285e-59
"2044",32,23,10000,1.2576209042064e-57
"2045",32,24,10000,4.50951778466156e-56
"2046",32,25,10000,1.58173926950265e-54
"2047",32,26,10000,5.56744689461603e-53
"2048",32,27,10000,1.81625797837658e-51
"2049",32,28,10000,5.90770559333248e-50
"2050",32,29,10000,1.81655206966624e-48
"2051",32,30,10000,5.5236912989701e-47
"2052",32,31,10000,1.55042010756527e-45
"2053",32,32,10000,4.06739513731502e-44
"2054",32,33,10000,1.07529010335072e-42
"2055",32,34,10000,2.68141736761648e-41
"2056",32,35,10000,6.92560780539172e-40
"2057",32,36,10000,1.64210184407985e-38
"2058",32,37,10000,3.85317679927368e-37
"2059",32,38,10000,8.77933409361872e-36
"2060",32,39,10000,1.89713178448437e-34
"2061",32,40,10000,3.90900111800281e-33
"2062",32,41,10000,8.39418882314737e-32
"2063",32,42,10000,1.70284387638155e-30
"2064",32,43,10000,3.32199140075521e-29
"2065",32,44,10000,6.57507134163568e-28
"2066",32,45,10000,1.25354160288173e-26
"2067",32,46,10000,2.39104641604775e-25
"2068",32,47,10000,4.54927886688154e-24
"2069",32,48,10000,8.51584655297728e-23
"2070",32,49,10000,1.52910277508065e-21
"2071",32,50,10000,2.52772027142904e-20
"2072",32,51,10000,4.28669091476119e-19
"2073",32,52,10000,6.80846591631668e-18
"2074",32,53,10000,1.20481596704738e-16
"2075",32,54,10000,1.98903115163314e-15
"2076",32,55,10000,3.32869466634439e-14
"2077",32,56,10000,5.33619166625738e-13
"2078",32,57,10000,8.15030737343564e-12
"2079",32,58,10000,1.22299112232324e-10
"2080",32,59,10000,1.61179422762872e-09
"2081",32,60,10000,1.9529340486871e-08
"2082",32,61,10000,2.17875978296274e-07
"2083",32,62,10000,2.07793699719073e-06
"2084",32,63,10000,1.5481404465517e-05
"2085",32,64,10000,8.86005578769061e-05
"2086",32,65,10000,0.000484296536334482
"2087",32,66,10000,0.00182955780151546
"2088",32,67,10000,0.00534101108215271
"2089",32,68,10000,0.0171232493972019
"2090",32,69,10000,0.0341583500589941
"2091",32,70,10000,0.070734850791201
"2092",32,71,10000,0.173026309644648
"2093",32,72,10000,0.216129612726048
"2094",32,73,10000,0.239231218440016
"2095",32,74,10000,0.140049203525383
"2096",32,75,10000,0.070107971906611
"2097",32,76,10000,0.0194427050356912
"2098",32,77,10000,0.00887778650255218
"2099",32,78,10000,0.00268026921934343
"2100",32,79,10000,0.000527243973003245
"2101",32,80,10000,9.72669308754631e-05
"2102",32,81,10000,4.33637622616895e-05
"2103",32,82,10000,7.07760941355357e-06
"2104",32,83,10000,1.55541895369871e-06
"2105",32,84,10000,6.32744861506251e-07
"2106",32,85,10000,6.00932944461271e-08
"2107",32,86,10000,6.57989113467078e-09
"2108",32,87,10000,9.85541167842478e-10
"2109",32,88,10000,1.61506665771603e-10
"2110",32,89,10000,1.94998407128149e-11
"2111",32,90,10000,4.57177332244071e-12
"2112",32,91,10000,1.05734182587918e-12
"2113",32,92,10000,9.78517641656248e-14
"2114",32,93,10000,7.98884564210674e-15
"2115",32,94,10000,5.71502162732457e-16
"2116",32,95,10000,2.56116251136011e-17
"2117",32,96,10000,1.54679467119873e-18
"2118",32,97,10000,4.84991927275413e-20
"2119",32,98,10000,2.06358055788643e-21
"2120",32,99,10000,3.63257266030517e-23
"2121",32,100,10000,7.24107428557945e-25
